Indicator_Num,Indicator_Name,Dimensionality,Entry_Combinations,Exit_Combinations,Total_Combinations,Phase1_Samples,Efficiency_%,Param1_Name,Param1_Min,Param1_Max,Param1_Default,Param1_Type,Param2_Name,Param2_Min,Param2_Max,Param2_Default,Param2_Type,Param3_Name,Param3_Min,Param3_Max,Param3_Default,Param3_Type,Param4_Name,Param4_Min,Param4_Max,Param4_Default,Param4_Type,Param5_Name,Param5_Min,Param5_Max,Param5_Default,Param5_Type,Param6_Name,Param6_Min,Param6_Max,Param6_Default,Param6_Type
1,001_trend_sma,1,20,156,3120,500,16.0256%,period,10.0,48.0,20.0,int,,,,,,,,,,,,,,,,,,,,,,,,,
2,002_trend_ema,1,20,156,3120,500,16.0256%,period,10.0,48.0,20.0,int,,,,,,,,,,,,,,,,,,,,,,,,,
3,003_trend_wma,1,20,156,3120,500,16.0256%,period,10.0,48.0,20.0,int,,,,,,,,,,,,,,,,,,,,,,,,,
4,004_trend_dema,1,20,156,3120,500,16.0256%,period,10.0,48.0,20.0,int,,,,,,,,,,,,,,,,,,,,,,,,,
5,005_trend_tema,1,20,156,3120,500,16.0256%,period,10.0,48.0,20.0,int,,,,,,,,,,,,,,,,,,,,,,,,,
6,006_trend_trima,1,20,156,3120,500,16.0256%,period,10.0,48.0,20.0,int,,,,,,,,,,,,,,,,,,,,,,,,,
7,007_trend_kama,3,2000,156,312000,500,0.1603%,period,5.0,24.0,10.0,int,fast,2.0,6.0,2.0,int,slow,20.0,39.0,30.0,int,,,,,,,,,,,,,,,
8,008_trend_hma,1,20,156,3120,500,16.0256%,period,10.0,48.0,20.0,int,,,,,,,,,,,,,,,,,,,,,,,,,
9,009_trend_zlema,1,20,156,3120,500,16.0256%,period,10.0,48.0,20.0,int,,,,,,,,,,,,,,,,,,,,,,,,,
10,010_trend_alma,3,3200,156,499200,500,0.1002%,period,10.0,48.0,20.0,int,offset,0.425,1.0,0.85,float,sigma,3.0,10.0,6.0,int,,,,,,,,,,,,,,,
11,011_trend_jma,3,240,156,37440,500,1.3355%,period,10.0,48.0,20.0,int,phase,0.0,1.0,0.0,int,power,1.0,6.0,2.0,int,,,,,,,,,,,,,,,
12,012_trend_t3,2,400,156,62400,500,0.8013%,period,10.0,48.0,20.0,int,vfactor,0.35,1.0,0.7,float,,,,,,,,,,,,,,,,,,,,
13,013_trend_vidya,2,400,156,62400,500,0.8013%,period,10.0,48.0,20.0,int,cmo_period,4.0,23.0,9.0,int,,,,,,,,,,,,,,,,,,,,
14,014_trend_frama,1,20,156,3120,500,16.0256%,period,10.0,48.0,20.0,int,,,,,,,,,,,,,,,,,,,,,,,,,
15,015_trend_mcginley,2,400,156,62400,500,0.8013%,period,10.0,48.0,20.0,int,constant,0.3,1.8,0.6,float,,,,,,,,,,,,,,,,,,,,
16,016_trend_sinwma,1,20,156,3120,500,16.0256%,period,10.0,48.0,20.0,int,,,,,,,,,,,,,,,,,,,,,,,,,
17,017_trend_vwma,1,20,156,3120,500,16.0256%,period,10.0,48.0,20.0,int,,,,,,,,,,,,,,,,,,,,,,,,,
18,018_trend_tsf,1,20,156,3120,500,16.0256%,period,10.0,48.0,20.0,int,,,,,,,,,,,,,,,,,,,,,,,,,
19,019_trend_linreg,1,20,156,3120,500,16.0256%,period,10.0,48.0,20.0,int,,,,,,,,,,,,,,,,,,,,,,,,,
20,020_trend_lsma,1,20,156,3120,500,16.0256%,period,10.0,48.0,20.0,int,,,,,,,,,,,,,,,,,,,,,,,,,
21,021_trend_mama,2,400,156,62400,500,0.8013%,fastlimit,0.25,1.0,0.5,float,slowlimit,0.025,0.15,0.05,float,,,,,,,,,,,,,,,,,,,,
22,022_trend_smma,1,20,156,3120,500,16.0256%,period,10.0,48.0,20.0,int,,,,,,,,,,,,,,,,,,,,,,,,,
23,023_trend_wilders,1,20,156,3120,500,16.0256%,period,10.0,48.0,20.0,int,,,,,,,,,,,,,,,,,,,,,,,,,
24,024_trend_gma,1,20,156,3120,500,16.0256%,period,10.0,48.0,20.0,int,,,,,,,,,,,,,,,,,,,,,,,,,
25,025_trend_harmonic,1,20,156,3120,500,16.0256%,period,10.0,48.0,20.0,int,,,,,,,,,,,,,,,,,,,,,,,,,
26,026_trend_adx,2,400,156,62400,500,0.8013%,period,7.0,26.0,14.0,int,threshold,12.0,50.0,25.0,int,,,,,,,,,,,,,,,,,,,,
27,027_trend_dmi,2,400,156,62400,500,0.8013%,period,7.0,26.0,14.0,int,threshold,12.0,69.0,25.0,int,,,,,,,,,,,,,,,,,,,,
28,028_trend_aroon,1,20,156,3120,500,16.0256%,period,12.0,69.0,25.0,int,,,,,,,,,,,,,,,,,,,,,,,,,
29,029_trend_aroonosc,2,40,156,6240,500,8.0128%,period,12.0,69.0,25.0,int,threshold,0.0,1.0,0.0,int,,,,,,,,,,,,,,,,,,,,
30,030_trend_psar,3,8000,156,1248000,500,0.0401%,af_start,0.01,0.06,0.02,float,af_increment,0.01,0.06,0.02,float,af_max,0.1,0.6,0.2,float,,,,,,,,,,,,,,,
31,031_trend_supertrend,2,400,156,62400,500,0.8013%,period,10.0,48.0,20.0,int,threshold,25.0,82.0,50.0,int,,,,,,,,,,,,,,,,,,,,
32,032_trend_vortex,1,20,156,3120,500,16.0256%,period,7.0,26.0,14.0,int,,,,,,,,,,,,,,,,,,,,,,,,,
33,033_trend_massindex,4,160000,156,24960000,500,0.0020%,period,10.0,48.0,20.0,int,fast_period,6.0,25.0,12.0,int,slow_period,13.0,70.0,26.0,int,threshold,25.0,82.0,50.0,int,,,,,,,,,,
34,034_trend_qstick,2,400,156,62400,500,0.8013%,period,10.0,48.0,20.0,int,threshold,25.0,82.0,50.0,int,,,,,,,,,,,,,,,,,,,,
35,035_trend_tii,2,400,156,62400,500,0.8013%,period,15.0,53.0,30.0,int,threshold,30.0,68.0,50.0,int,,,,,,,,,,,,,,,,,,,,
36,036_trend_cci,3,800,156,124800,500,0.4006%,period,10.0,48.0,20.0,int,overbought,50.0,297.0,100.0,int,oversold,-50.0,-49.0,-100.0,int,,,,,,,,,,,,,,,
37,037_trend_roc,2,40,156,6240,500,8.0128%,period,6.0,25.0,12.0,int,threshold,0.0,1.0,0.0,int,,,,,,,,,,,,,,,,,,,,
38,038_trend_momentum,2,400,156,62400,500,0.8013%,period,10.0,48.0,20.0,int,threshold,25.0,82.0,50.0,int,,,,,,,,,,,,,,,,,,,,
39,039_trend_williams_r,3,80,156,12480,500,4.0064%,period,7.0,26.0,14.0,int,overbought,-10.0,-9.0,-20.0,int,oversold,-40.0,-39.0,-80.0,int,,,,,,,,,,,,,,,
40,040_trend_stochastic,5,512000,156,79872000,500,0.0006%,period,7.0,26.0,14.0,int,smooth_k,2.0,9.0,3.0,int,smooth_d,2.0,9.0,3.0,int,overbought,70.0,89.0,80.0,int,oversold,10.0,29.0,20.0,int,,,,,
41,041_trend_rsi,3,8000,156,1248000,500,0.0401%,period,7.0,26.0,14.0,int,overbought,60.0,79.0,70.0,int,oversold,15.0,34.0,30.0,int,,,,,,,,,,,,,,,
42,042_trend_macd,3,6800,156,1060800,500,0.0471%,fast_period,6.0,25.0,12.0,int,slow_period,13.0,70.0,26.0,int,signal_period,4.0,20.0,9.0,int,,,,,,,,,,,,,,,
43,043_trend_bollinger,2,100,156,15600,500,3.2051%,period,10.0,48.0,20.0,int,multiplier,1.0,5.0,2.0,int,,,,,,,,,,,,,,,,,,,,
44,044_trend_atr,2,400,156,62400,500,0.8013%,period,10.0,48.0,20.0,int,threshold,25.0,82.0,50.0,int,,,,,,,,,,,,,,,,,,,,
45,045_trend_keltner,2,400,156,62400,500,0.8013%,period,10.0,48.0,20.0,int,threshold,25.0,82.0,50.0,int,,,,,,,,,,,,,,,,,,,,
46,046_trend_donchian,1,20,156,3120,500,16.0256%,period,10.0,48.0,20.0,int,,,,,,,,,,,,,,,,,,,,,,,,,
47,047_volume_obv,1,20,156,3120,500,16.0256%,signal_period,10.0,48.0,20.0,int,,,,,,,,,,,,,,,,,,,,,,,,,
48,048_volume_mfi,3,8000,156,1248000,500,0.0401%,period,7.0,26.0,14.0,int,overbought,60.0,79.0,80.0,int,oversold,10.0,29.0,20.0,int,,,,,,,,,,,,,,,
49,049_volume_cmf,2,400,156,62400,500,0.8013%,period,10.0,48.0,20.0,int,threshold,25.0,82.0,50.0,int,,,,,,,,,,,,,,,,,,,,
50,050_trend_ichimoku,3,6400,156,998400,500,0.0501%,tenkan_period,5.0,20.0,9.0,int,kijun_period,13.0,32.0,26.0,int,senkou_period,26.0,83.0,52.0,int,,,,,,,,,,,,,,,
51,051_volume_vwap,2,6,156,936,500,53.4188%,reset_period,0.0,1.0,0.0,int,std_multiplier,1.0,3.0,2.0,int,,,,,,,,,,,,,,,,,,,,
52,052_volume_force_index,1,20,156,3120,500,16.0256%,period,6.0,25.0,13.0,int,,,,,,,,,,,,,,,,,,,,,,,,,
53,053_volume_ad,1,20,156,3120,500,16.0256%,signal_period,10.0,48.0,20.0,int,,,,,,,,,,,,,,,,,,,,,,,,,
54,054_trend_ultimate_osc,0,1,156,156,500,320.5128%,,,,,,,,,,,,,,,,,,,,,,,,,,,,,,
55,055_trend_stoch_rsi,6,10240000,156,1597440000,500,0.0000%,rsi_period,7.0,26.0,14.0,int,stoch_period,7.0,26.0,14.0,int,smooth_k,2.0,9.0,3.0,int,smooth_d,2.0,9.0,3.0,int,overbought,40.0,230.0,80.0,int,oversold,10.0,48.0,20.0,int
56,056_trend_awesome_osc,2,260,156,40560,500,1.2327%,fast_period,3.0,15.0,5.0,int,slow_period,20.0,39.0,34.0,int,,,,,,,,,,,,,,,,,,,,
57,057_trend_accelerator_osc,3,2080,156,324480,500,0.1541%,fast_period,3.0,15.0,5.0,int,slow_period,20.0,39.0,34.0,int,signal_period,3.0,10.0,5.0,int,,,,,,,,,,,,,,,
58,058_trend_gator,3,702,156,109512,500,0.4566%,jaw_period,8.0,20.0,13.0,int,teeth_period,5.0,13.0,8.0,int,lips_period,3.0,8.0,5.0,int,,,,,,,,,,,,,,,
59,059_trend_alligator,3,702,156,109512,500,0.4566%,jaw_period,8.0,20.0,13.0,int,teeth_period,5.0,13.0,8.0,int,lips_period,3.0,8.0,5.0,int,,,,,,,,,,,,,,,
60,060_trend_elder_ray,1,20,156,3120,500,16.0256%,period,6.0,25.0,13.0,int,,,,,,,,,,,,,,,,,,,,,,,,,
61,061_trend_trix,2,340,156,53040,500,0.9427%,period,8.0,27.0,15.0,int,signal_period,4.0,20.0,9.0,int,,,,,,,,,,,,,,,,,,,,
62,062_trend_ppo,3,8000,156,1248000,500,0.0401%,fast,6.0,25.0,12.0,int,slow,13.0,70.0,26.0,int,signal,4.0,23.0,9.0,int,,,,,,,,,,,,,,,
63,063_trend_apo,2,400,156,62400,500,0.8013%,fast,6.0,25.0,12.0,int,slow,13.0,70.0,26.0,int,,,,,,,,,,,,,,,,,,,,
64,064_trend_dpo,1,20,156,3120,500,16.0256%,period,10.0,48.0,20.0,int,,,,,,,,,,,,,,,,,,,,,,,,,
65,065_trend_cmo,3,800,156,124800,500,0.4006%,period,7.0,26.0,14.0,int,overbought,25.0,139.0,50.0,int,oversold,-25.0,-24.0,-50.0,int,,,,,,,,,,,,,,,
66,066_trend_rvi,1,20,156,3120,500,16.0256%,period,5.0,24.0,10.0,int,,,,,,,,,,,,,,,,,,,,,,,,,
67,067_trend_tsi,3,7200,156,1123200,500,0.0445%,long,12.0,69.0,25.0,int,short,6.0,25.0,13.0,int,signal,4.0,21.0,7.0,int,,,,,,,,,,,,,,,
68,068_trend_bop,1,20,156,3120,500,16.0256%,period,7.0,26.0,14.0,int,,,,,,,,,,,,,,,,,,,,,,,,,
69,069_trend_inertia,2,400,156,62400,500,0.8013%,period,10.0,48.0,20.0,int,rvi_period,7.0,26.0,14.0,int,,,,,,,,,,,,,,,,,,,,
70,070_trend_kdj,2,160,156,24960,500,2.0032%,k_period,4.0,23.0,9.0,int,d_period,2.0,9.0,3.0,int,,,,,,,,,,,,,,,,,,,,
71,071_trend_pgo,1,20,156,3120,500,16.0256%,period,7.0,26.0,14.0,int,,,,,,,,,,,,,,,,,,,,,,,,,
72,072_trend_psychline,1,20,156,3120,500,16.0256%,period,6.0,25.0,12.0,int,,,,,,,,,,,,,,,,,,,,,,,,,
73,073_trend_qqe,2,280,156,43680,500,1.1447%,rsi_period,7.0,26.0,14.0,int,smoothing,2.0,15.0,5.0,int,,,,,,,,,,,,,,,,,,,,
74,074_trend_rainbow,1,20,156,3120,500,16.0256%,max_period,5.0,24.0,10.0,int,,,,,,,,,,,,,,,,,,,,,,,,,
75,075_trend_smiergodic,3,3920,156,611520,500,0.0818%,ema1,2.0,15.0,5.0,int,ema2,10.0,48.0,20.0,int,signal,2.0,15.0,5.0,int,,,,,,,,,,,,,,,
76,076_trend_smi,3,3200,156,499200,500,0.1002%,k_period,6.0,25.0,13.0,int,d_period,12.0,69.0,25.0,int,smoothing,2.0,9.0,3.0,int,,,,,,,,,,,,,,,
77,077_trend_trendflex,1,20,156,3120,500,16.0256%,period,10.0,48.0,20.0,int,,,,,,,,,,,,,,,,,,,,,,,,,
78,078_trend_macdhist,3,8000,156,1248000,500,0.0401%,fast,6.0,25.0,12.0,int,slow,13.0,70.0,26.0,int,signal,4.0,23.0,9.0,int,,,,,,,,,,,,,,,
79,079_trend_macdsignal,3,8000,156,1248000,500,0.0401%,fast,6.0,25.0,12.0,int,slow,13.0,70.0,26.0,int,signal,4.0,23.0,9.0,int,,,,,,,,,,,,,,,
80,080_trend_zerolagmacd,3,8000,156,1248000,500,0.0401%,fast,6.0,25.0,12.0,int,slow,13.0,70.0,26.0,int,signal,4.0,23.0,9.0,int,,,,,,,,,,,,,,,
81,081_trend_choppiness,2,400,156,62400,500,0.8013%,period,10.0,48.0,20.0,int,threshold,25.0,82.0,50.0,int,,,,,,,,,,,,,,,,,,,,
82,082_trend_coppock,3,8000,156,1248000,500,0.0401%,roc1,7.0,26.0,14.0,int,roc2,6.0,25.0,11.0,int,wma_period,5.0,24.0,10.0,int,,,,,,,,,,,,,,,
83,083_trend_detrendedprice,1,20,156,3120,500,16.0256%,period,10.0,48.0,20.0,int,,,,,,,,,,,,,,,,,,,,,,,,,
84,084_trend_efficiencyratio,1,20,156,3120,500,16.0256%,period,5.0,24.0,10.0,int,,,,,,,,,,,,,,,,,,,,,,,,,
85,085_volume_elderforce,1,20,156,3120,500,16.0256%,period,6.0,25.0,13.0,int,,,,,,,,,,,,,,,,,,,,,,,,,
86,086_trend_frama,1,20,156,3120,500,16.0256%,period,8.0,46.0,16.0,int,,,,,,,,,,,,,,,,,,,,,,,,,
87,087_trend_gaussian,2,220,156,34320,500,1.4569%,period,7.0,26.0,14.0,int,poles,2.0,12.0,4.0,int,,,,,,,,,,,,,,,,,,,,
88,088_trend_highlowindex,1,20,156,3120,500,16.0256%,period,5.0,24.0,10.0,int,,,,,,,,,,,,,,,,,,,,,,,,,
89,089_trend_histvol,1,20,156,3120,500,16.0256%,period,10.0,48.0,20.0,int,,,,,,,,,,,,,,,,,,,,,,,,,
90,090_trend_hullmaosc,1,20,156,3120,500,16.0256%,period,8.0,46.0,16.0,int,,,,,,,,,,,,,,,,,,,,,,,,,
91,091_trend_instantaneous,2,400,156,62400,500,0.8013%,period,10.0,48.0,20.0,int,threshold,25.0,82.0,50.0,int,,,,,,,,,,,,,,,,,,,,
92,092_trend_kauffman,3,2400,156,374400,500,0.1335%,er_period,5.0,24.0,10.0,int,fast_ema,1.0,6.0,2.0,int,slow_ema,15.0,72.0,30.0,int,,,,,,,,,,,,,,,
93,093_trend_laguerre,1,20,156,3120,500,16.0256%,gamma,0.4,2.4,0.8,float,,,,,,,,,,,,,,,,,,,,,,,,,
94,094_trend_linearregslope,1,20,156,3120,500,16.0256%,period,7.0,26.0,14.0,int,,,,,,,,,,,,,,,,,,,,,,,,,
95,095_volume_mfi_extended,3,8000,156,1248000,500,0.0401%,period,7.0,26.0,14.0,int,overbought,40.0,230.0,80.0,int,oversold,10.0,48.0,20.0,int,,,,,,,,,,,,,,,
96,096_trend_mcginleydynamic,2,400,156,62400,500,0.8013%,period,7.0,26.0,14.0,int,constant,0.3,1.8,0.6,float,,,,,,,,,,,,,,,,,,,,
97,097_trend_parabolicsar_extended,3,8000,156,1248000,500,0.0401%,af_start,0.01,0.06,0.02,float,af_increment,0.01,0.06,0.02,float,af_max,0.1,0.6,0.2,float,,,,,,,,,,,,,,,
98,098_trend_pivotpoints,0,1,156,156,500,320.5128%,,,,,,,,,,,,,,,,,,,,,,,,,,,,,,
99,099_trend_priceoscillator,3,8000,156,1248000,500,0.0401%,fast,6.0,25.0,12.0,int,slow,13.0,70.0,26.0,int,signal,4.0,23.0,9.0,int,,,,,,,,,,,,,,,
100,100_trend_renko,1,20,156,3120,500,16.0256%,brick_size,0.0005,0.003,0.001,float,,,,,,,,,,,,,,,,,,,,,,,,,
101,101_trend_inversefisher,1,20,156,3120,500,16.0256%,period,4.0,23.0,9.0,int,,,,,,,,,,,,,,,,,,,,,,,,,
102,102_trend_connorsrsi,3,960,156,149760,500,0.3339%,rsi_period,2.0,9.0,3.0,int,streak_period,1.0,6.0,2.0,int,pct_rank_period,50.0,297.0,100.0,int,,,,,,,,,,,,,,,
103,103_trend_laguerrersi,1,20,156,3120,500,16.0256%,gamma,0.25,1.5,0.5,float,,,,,,,,,,,,,,,,,,,,,,,,,
104,104_trend_rmi,2,280,156,43680,500,1.1447%,period,7.0,26.0,14.0,int,momentum_period,2.0,15.0,5.0,int,,,,,,,,,,,,,,,,,,,,
105,105_trend_ergodic,3,3920,156,611520,500,0.0818%,long_period,16.0,92.0,32.0,int,short_period,2.0,15.0,5.0,int,signal_period,2.0,15.0,5.0,int,,,,,,,,,,,,,,,
106,106_trend_cog,1,20,156,3120,500,16.0256%,period,5.0,24.0,10.0,int,,,,,,,,,,,,,,,,,,,,,,,,,
107,107_trend_cybercycle,1,20,156,3120,500,16.0256%,alpha,0.035,0.21,0.07,float,,,,,,,,,,,,,,,,,,,,,,,,,
108,108_trend_decycler,1,20,156,3120,500,16.0256%,hp_period,62.0,366.0,125.0,int,,,,,,,,,,,,,,,,,,,,,,,,,
109,109_trend_ebs,1,20,156,3120,500,16.0256%,hp_period,20.0,115.0,40.0,int,,,,,,,,,,,,,,,,,,,,,,,,,
110,110_trend_hilbert,0,1,156,156,500,320.5128%,,,,,,,,,,,,,,,,,,,,,,,,,,,,,,
111,111_trend_reflex,1,20,156,3120,500,16.0256%,period,10.0,48.0,20.0,int,,,,,,,,,,,,,,,,,,,,,,,,,
112,112_trend_trendvigor,1,20,156,3120,500,16.0256%,period,10.0,48.0,20.0,int,,,,,,,,,,,,,,,,,,,,,,,,,
113,113_trend_correlationcycle,1,20,156,3120,500,16.0256%,period,10.0,48.0,20.0,int,,,,,,,,,,,,,,,,,,,,,,,,,
114,114_trend_dominantcycle,2,400,156,62400,500,0.8013%,min_period,4.0,23.0,8.0,int,max_period,25.0,139.0,50.0,int,,,,,,,,,,,,,,,,,,,,
115,115_trend_phaseaccumulation,2,400,156,62400,500,0.8013%,period,10.0,48.0,20.0,int,threshold,25.0,82.0,50.0,int,,,,,,,,,,,,,,,,,,,,
116,116_trend_sinewave,1,20,156,3120,500,16.0256%,period,10.0,48.0,20.0,int,,,,,,,,,,,,,,,,,,,,,,,,,
117,117_trend_fractaldimension,1,20,156,3120,500,16.0256%,period,10.0,48.0,20.0,int,,,,,,,,,,,,,,,,,,,,,,,,,
118,118_trend_hurstexponent,1,20,156,3120,500,16.0256%,period,50.0,297.0,100.0,int,,,,,,,,,,,,,,,,,,,,,,,,,
119,119_trend_entropy,2,400,156,62400,500,0.8013%,period,10.0,48.0,20.0,int,threshold,25.0,82.0,50.0,int,,,,,,,,,,,,,,,,,,,,
120,120_trend_marketstate,0,1,156,156,500,320.5128%,,,,,,,,,,,,,,,,,,,,,,,,,,,,,,
121,121_trend_regimedetection,2,400,156,62400,500,0.8013%,period,10.0,48.0,20.0,int,threshold,0.3,1.8,0.6,float,,,,,,,,,,,,,,,,,,,,
122,122_trend_cycleperiod,2,400,156,62400,500,0.8013%,min_period,4.0,23.0,8.0,int,max_period,25.0,139.0,50.0,int,,,,,,,,,,,,,,,,,,,,
123,123_trend_adaptivemacd,3,8000,156,1248000,500,0.0401%,fast_base,6.0,25.0,12.0,int,slow_base,13.0,70.0,26.0,int,signal,4.0,23.0,9.0,int,,,,,,,,,,,,,,,
124,124_trend_macddivergence,0,1,156,156,500,320.5128%,,,,,,,,,,,,,,,,,,,,,,,,,,,,,,
125,125_trend_vhf,1,20,156,3120,500,16.0256%,period,14.0,71.0,28.0,int,,,,,,,,,,,,,,,,,,,,,,,,,
126,126_trend_trendstrengthindex,1,20,156,3120,500,16.0256%,period,10.0,48.0,20.0,int,,,,,,,,,,,,,,,,,,,,,,,,,
127,127_trend_rsquared,1,20,156,3120,500,16.0256%,period,10.0,48.0,20.0,int,,,,,,,,,,,,,,,,,,,,,,,,,
128,128_trend_pricechannels,1,20,156,3120,500,16.0256%,period,10.0,48.0,20.0,int,,,,,,,,,,,,,,,,,,,,,,,,,
129,129_trend_envelopechannels,2,400,156,62400,500,0.8013%,period,10.0,48.0,20.0,int,percent,1.25,7.5,2.5,float,,,,,,,,,,,,,,,,,,,,
130,130_trend_stdchannels,2,120,156,18720,500,2.6709%,period,10.0,48.0,20.0,int,std_mult,1.0,6.0,2.0,int,,,,,,,,,,,,,,,,,,,,
131,131_trend_regressionchannels,2,120,156,18720,500,2.6709%,period,50.0,297.0,100.0,int,std_mult,1.0,6.0,2.0,int,,,,,,,,,,,,,,,,,,,,
132,132_trend_fibonaccichannels,1,20,156,3120,500,16.0256%,period,25.0,139.0,50.0,int,,,,,,,,,,,,,,,,,,,,,,,,,
133,133_trend_accelerationbands,2,400,156,62400,500,0.8013%,period,10.0,48.0,20.0,int,factor,0.0005,0.003,0.001,float,,,,,,,,,,,,,,,,,,,,
134,134_trend_starcbands,3,1680,156,262080,500,0.1908%,ma_period,2.0,15.0,5.0,int,atr_period,8.0,27.0,15.0,int,atr_mult,1.0,6.0,2.0,int,,,,,,,,,,,,,,,
136,136_trend_chandelierexit,2,160,156,24960,500,2.0032%,period,11.0,49.0,22.0,int,atr_mult,2.0,9.0,3.0,int,,,,,,,,,,,,,,,,,,,,
137,137_trend_atrchannels,3,2400,156,374400,500,0.1335%,ma_period,10.0,48.0,20.0,int,atr_period,7.0,26.0,14.0,int,atr_mult,1.0,6.0,2.0,int,,,,,,,,,,,,,,,
138,138_trend_volatilitychannels,2,400,156,62400,500,0.8013%,period,10.0,48.0,20.0,int,vol_mult,0.75,4.5,1.5,float,,,,,,,,,,,,,,,,,,,,
139,139_trend_dynamicchannels,3,2400,156,374400,500,0.1335%,min_period,5.0,24.0,10.0,int,max_period,25.0,139.0,50.0,int,mult,1.0,6.0,2.0,int,,,,,,,,,,,,,,,
140,140_trend_adaptivechannels,2,400,156,62400,500,0.8013%,period,10.0,48.0,20.0,int,threshold,25.0,82.0,50.0,int,,,,,,,,,,,,,,,,,,,,
141,141_trend_projectionbands,3,1680,156,262080,500,0.1908%,period,7.0,26.0,14.0,int,projection,2.0,15.0,5.0,int,std_mult,1.0,6.0,2.0,int,,,,,,,,,,,,,,,
142,142_trend_squeezeindicator,4,48000,156,7488000,500,0.0067%,bb_period,10.0,48.0,20.0,int,bb_mult,1.0,6.0,2.0,int,kc_period,10.0,48.0,20.0,int,kc_mult,0.75,4.5,1.5,float,,,,,,,,,,
143,143_trend_ttmsqueeze,4,48000,156,7488000,500,0.0067%,length,10.0,48.0,20.0,int,mult,1.0,6.0,2.0,int,length_kc,10.0,48.0,20.0,int,mult_kc,0.75,4.5,1.5,float,,,,,,,,,,
144,144_trend_bollingerbandwidth,2,120,156,18720,500,2.6709%,period,10.0,48.0,20.0,int,std_mult,1.0,6.0,2.0,int,,,,,,,,,,,,,,,,,,,,
145,145_volume_divergenceindex,2,400,156,62400,500,0.8013%,period,10.0,48.0,20.0,int,threshold,25.0,82.0,50.0,int,,,,,,,,,,,,,,,,,,,,
146,146_volume_hiddendivergence,2,400,156,62400,500,0.8013%,period,10.0,48.0,20.0,int,threshold,25.0,82.0,50.0,int,,,,,,,,,,,,,,,,,,,,
147,147_volume_regulardivergence,2,400,156,62400,500,0.8013%,period,10.0,48.0,20.0,int,threshold,25.0,82.0,50.0,int,,,,,,,,,,,,,,,,,,,,
148,148_volume_bullishdivergence,2,400,156,62400,500,0.8013%,period,10.0,48.0,20.0,int,threshold,25.0,82.0,50.0,int,,,,,,,,,,,,,,,,,,,,
149,149_volume_bearishdivergence,2,400,156,62400,500,0.8013%,period,10.0,48.0,20.0,int,threshold,25.0,82.0,50.0,int,,,,,,,,,,,,,,,,,,,,
150,150_volume_multiindicatordivergence,2,400,156,62400,500,0.8013%,period,10.0,48.0,20.0,int,threshold,25.0,82.0,50.0,int,,,,,,,,,,,,,,,,,,,,
151,151_volume_divergencestrength,2,400,156,62400,500,0.8013%,period,7.0,26.0,14.0,int,lookback,10.0,48.0,20.0,int,,,,,,,,,,,,,,,,,,,,
152,152_volume_divergenceconfluence,2,400,156,62400,500,0.8013%,period,10.0,48.0,20.0,int,threshold,25.0,82.0,50.0,int,,,,,,,,,,,,,,,,,,,,
153,153_volume_divergencemomentum,2,400,156,62400,500,0.8013%,period,7.0,26.0,14.0,int,lookback,10.0,48.0,20.0,int,,,,,,,,,,,,,,,,,,,,
154,154_volume_divergencepattern,2,400,156,62400,500,0.8013%,period,10.0,48.0,20.0,int,threshold,25.0,82.0,50.0,int,,,,,,,,,,,,,,,,,,,,
155,155_pattern_candlestickpatterns,1,20,156,3120,500,16.0256%,body_threshold,0.25,1.5,0.5,float,,,,,,,,,,,,,,,,,,,,,,,,,
156,156_pattern_priceaction,2,400,156,62400,500,0.8013%,lookback,10.0,48.0,20.0,int,min_body_ratio,0.15,0.9,0.3,float,,,,,,,,,,,,,,,,,,,,
157,157_pattern_chartpatterns,2,400,156,62400,500,0.8013%,lookback,15.0,72.0,30.0,int,tolerance,0.01,0.06,0.02,float,,,,,,,,,,,,,,,,,,,,
158,158_pattern_harmonicpatterns,2,400,156,62400,500,0.8013%,lookback,25.0,139.0,50.0,int,tolerance,0.025,0.15,0.05,float,,,,,,,,,,,,,,,,,,,,
159,159_pattern_elliottwave,2,400,156,62400,500,0.8013%,lookback,25.0,139.0,50.0,int,wave_tolerance,0.05,0.3,0.1,float,,,,,,,,,,,,,,,,,,,,
160,160_pattern_wyckoff,2,400,156,62400,500,0.8013%,period,10.0,48.0,20.0,int,volume_threshold,0.75,4.5,1.5,float,,,,,,,,,,,,,,,,,,,,
161,161_pattern_supportresistance,3,3200,156,499200,500,0.1002%,lookback,25.0,139.0,50.0,int,num_levels,2.0,9.0,3.0,int,proximity,0.001,0.006,0.002,float,,,,,,,,,,,,,,,
162,162_pattern_trendlines,3,2400,156,374400,500,0.1335%,lookback,25.0,139.0,50.0,int,min_touches,1.0,6.0,2.0,int,tolerance,0.005,0.03,0.01,float,,,,,,,,,,,,,,,
163,163_pattern_fibonacciretracement,2,400,156,62400,500,0.8013%,lookback,25.0,139.0,50.0,int,proximity,0.0025,0.015,0.005,float,,,,,,,,,,,,,,,,,,,,
164,164_pattern_fibonacciextension,2,400,156,62400,500,0.8013%,lookback,25.0,139.0,50.0,int,proximity,0.0025,0.015,0.005,float,,,,,,,,,,,,,,,,,,,,
166,166_volatility_garch,3,8000,156,1248000,500,0.0401%,period,10.0,48.0,20.0,int,alpha,0.05,0.3,0.1,float,beta,0.425,2.55,0.85,float,,,,,,,,,,,,,,,
167,167_volatility_ewma,2,400,156,62400,500,0.8013%,span,10.0,48.0,20.0,int,lambda_param,0.47,2.82,0.94,float,,,,,,,,,,,,,,,,,,,,
168,168_volatility_coefficient_variation,2,400,156,62400,500,0.8013%,period,10.0,48.0,20.0,int,threshold,25.0,82.0,50.0,int,,,,,,,,,,,,,,,,,,,,
169,169_volatility_regime_detection,2,400,156,62400,500,0.8013%,period,10.0,48.0,20.0,int,threshold,0.75,4.5,1.5,float,,,,,,,,,,,,,,,,,,,,
170,170_volatility_breakout,5,800000,156,124800000,500,0.0004%,period,10.0,48.0,20.0,int,multiplier,1.0,5.0,2.0,int,threshold,25.0,82.0,50.0,int,overbought,50.0,88.0,70.0,int,oversold,15.0,34.0,30.0,int,,,,,
171,171_range_true_range,2,400,156,62400,500,0.8013%,period,7.0,26.0,14.0,int,threshold,0.75,4.5,1.5,float,,,,,,,,,,,,,,,,,,,,
172,172_range_daily,1,20,156,3120,500,16.0256%,period,10.0,48.0,20.0,int,,,,,,,,,,,,,,,,,,,,,,,,,
173,173_range_weekly,1,11,156,1716,500,29.1375%,period,2.0,12.0,4.0,int,,,,,,,,,,,,,,,,,,,,,,,,,
174,174_range_monthly,1,8,156,1248,500,40.0641%,period,2.0,9.0,3.0,int,,,,,,,,,,,,,,,,,,,,,,,,,
175,175_range_expansion_index,2,400,156,62400,500,0.8013%,period,7.0,26.0,14.0,int,threshold,25.0,139.0,50.0,int,,,,,,,,,,,,,,,,,,,,
176,176_range_contraction_index,2,400,156,62400,500,0.8013%,period,7.0,26.0,14.0,int,threshold,15.0,72.0,30.0,int,,,,,,,,,,,,,,,,,,,,
177,177_range_breakout,2,400,156,62400,500,0.8013%,period,10.0,48.0,20.0,int,threshold,25.0,82.0,50.0,int,,,,,,,,,,,,,,,,,,,,
178,178_range_bound,2,400,156,62400,500,0.8013%,period,10.0,48.0,20.0,int,threshold,0.01,0.06,0.02,float,,,,,,,,,,,,,,,,,,,,
179,179_range_filter,2,400,156,62400,500,0.8013%,period,10.0,48.0,20.0,int,multiplier,0.75,4.5,1.5,float,,,,,,,,,,,,,,,,,,,,
180,180_range_adaptive,3,5600,156,873600,500,0.0572%,period,10.0,48.0,20.0,int,fast_period,2.0,15.0,5.0,int,slow_period,25.0,139.0,50.0,int,,,,,,,,,,,,,,,
181,181_volume_weighted_price,1,20,156,3120,500,16.0256%,period,10.0,48.0,20.0,int,,,,,,,,,,,,,,,,,,,,,,,,,
182,182_volume_momentum,2,400,156,62400,500,0.8013%,period,10.0,48.0,20.0,int,threshold,25.0,82.0,50.0,int,,,,,,,,,,,,,,,,,,,,
183,183_volume_trend,1,20,156,3120,500,16.0256%,period,10.0,48.0,20.0,int,,,,,,,,,,,,,,,,,,,,,,,,,
184,184_volume_oscillator,2,280,156,43680,500,1.1447%,fast_period,2.0,15.0,5.0,int,slow_period,10.0,48.0,20.0,int,,,,,,,,,,,,,,,,,,,,
185,185_volume_divergence,2,280,156,43680,500,1.1447%,period,7.0,26.0,14.0,int,lookback,2.0,15.0,5.0,int,,,,,,,,,,,,,,,,,,,,
186,186_volume_spread_analysis,2,400,156,62400,500,0.8013%,period,10.0,48.0,20.0,int,threshold,25.0,82.0,50.0,int,,,,,,,,,,,,,,,,,,,,
187,187_volume_profile,2,400,156,62400,500,0.8013%,period,10.0,48.0,20.0,int,bins,5.0,24.0,10.0,int,,,,,,,,,,,,,,,,,,,,
188,188_volume_price_trend,1,20,156,3120,500,16.0256%,period,7.0,26.0,14.0,int,,,,,,,,,,,,,,,,,,,,,,,,,
189,189_volume_roc,2,400,156,62400,500,0.8013%,period,7.0,26.0,14.0,int,threshold,25.0,139.0,50.0,int,,,,,,,,,,,,,,,,,,,,
190,190_volume_weighted_average_price,2,120,156,18720,500,2.6709%,period,10.0,48.0,20.0,int,std_mult,1.0,6.0,2.0,int,,,,,,,,,,,,,,,,,,,,
191,191_volume_zone_oscillator,1,20,156,3120,500,16.0256%,period,7.0,26.0,14.0,int,,,,,,,,,,,,,,,,,,,,,,,,,
192,192_volume_accumulation_distribution,1,20,156,3120,500,16.0256%,period,7.0,26.0,14.0,int,,,,,,,,,,,,,,,,,,,,,,,,,
193,193_volume_price_confirmation,2,280,156,43680,500,1.1447%,short_period,2.0,15.0,5.0,int,long_period,10.0,48.0,20.0,int,,,,,,,,,,,,,,,,,,,,
194,194_volume_intensity,2,400,156,62400,500,0.8013%,period,7.0,26.0,14.0,int,threshold,0.75,4.5,1.5,float,,,,,,,,,,,,,,,,,,,,
195,195_volume_force_index,2,120,156,18720,500,2.6709%,short_period,1.0,6.0,2.0,int,long_period,6.0,25.0,13.0,int,,,,,,,,,,,,,,,,,,,,
196,196_volume_weighted_momentum,1,20,156,3120,500,16.0256%,period,7.0,26.0,14.0,int,,,,,,,,,,,,,,,,,,,,,,,,,
197,197_volume_efficiency,1,20,156,3120,500,16.0256%,period,7.0,26.0,14.0,int,,,,,,,,,,,,,,,,,,,,,,,,,
198,198_volume_delta,1,20,156,3120,500,16.0256%,period,7.0,26.0,14.0,int,,,,,,,,,,,,,,,,,,,,,,,,,
199,199_volume_flow_indicator,2,40,156,6240,500,8.0128%,period,7.0,26.0,14.0,int,threshold,0.0,1.0,0.0,int,,,,,,,,,,,,,,,,,,,,
200,200_volume_spread_analysis,2,400,156,62400,500,0.8013%,period,10.0,48.0,20.0,int,vol_threshold,0.75,4.5,1.5,float,,,,,,,,,,,,,,,,,,,,
201,201_volume_profile,2,400,156,62400,500,0.8013%,period,50.0,297.0,100.0,int,bins,10.0,48.0,20.0,int,,,,,,,,,,,,,,,,,,,,
202,202_volume_at_price,2,400,156,62400,500,0.8013%,period,25.0,139.0,50.0,int,price_tolerance,0.0005,0.003,0.001,float,,,,,,,,,,,,,,,,,,,,
203,203_point_of_control,2,400,156,62400,500,0.8013%,period,50.0,297.0,100.0,int,bins,10.0,48.0,20.0,int,,,,,,,,,,,,,,,,,,,,
204,204_value_area_high,3,8000,156,1248000,500,0.0401%,period,50.0,297.0,100.0,int,bins,10.0,48.0,20.0,int,value_area_pct,0.35,2.1,0.7,float,,,,,,,,,,,,,,,
205,205_value_area_low,3,8000,156,1248000,500,0.0401%,period,50.0,297.0,100.0,int,bins,10.0,48.0,20.0,int,value_area_pct,0.35,2.1,0.7,float,,,,,,,,,,,,,,,
206,206_volume_weighted_ma,1,20,156,3120,500,16.0256%,period,10.0,48.0,20.0,int,,,,,,,,,,,,,,,,,,,,,,,,,
207,207_volume_spread_analysis,2,400,156,62400,500,0.8013%,period,10.0,48.0,20.0,int,threshold,25.0,82.0,50.0,int,,,,,,,,,,,,,,,,,,,,
208,208_wyckoff_volume,0,1,156,156,500,320.5128%,,,,,,,,,,,,,,,,,,,,,,,,,,,,,,
209,209_smart_money_index,1,20,156,3120,500,16.0256%,period,10.0,48.0,20.0,int,,,,,,,,,,,,,,,,,,,,,,,,,
210,210_tick_volume_index,1,20,156,3120,500,16.0256%,period,7.0,26.0,14.0,int,,,,,,,,,,,,,,,,,,,,,,,,,
211,211_volume_breakout,0,1,156,156,500,320.5128%,,,,,,,,,,,,,,,,,,,,,,,,,,,,,,
212,212_volume_climax,2,400,156,62400,500,0.8013%,period,10.0,48.0,20.0,int,threshold,25.0,82.0,50.0,int,,,,,,,,,,,,,,,,,,,,
213,213_volume_exhaustion,2,400,156,62400,500,0.8013%,period,10.0,48.0,20.0,int,threshold,25.0,82.0,50.0,int,,,,,,,,,,,,,,,,,,,,
214,214_volume_divergence,1,20,156,3120,500,16.0256%,period,7.0,26.0,14.0,int,,,,,,,,,,,,,,,,,,,,,,,,,
215,215_volume_confirmation,2,400,156,62400,500,0.8013%,period,7.0,26.0,14.0,int,vol_threshold,0.6,3.6,1.2,float,,,,,,,,,,,,,,,,,,,,
216,216_volume_momentum,1,20,156,3120,500,16.0256%,period,7.0,26.0,14.0,int,,,,,,,,,,,,,,,,,,,,,,,,,
217,217_volume_strength,1,20,156,3120,500,16.0256%,period,7.0,26.0,14.0,int,,,,,,,,,,,,,,,,,,,,,,,,,
218,218_volume_pressure,1,20,156,3120,500,16.0256%,period,7.0,26.0,14.0,int,,,,,,,,,,,,,,,,,,,,,,,,,
219,219_volume_distribution,1,20,156,3120,500,16.0256%,period,10.0,48.0,20.0,int,,,,,,,,,,,,,,,,,,,,,,,,,
220,220_volume_cycle,2,400,156,62400,500,0.8013%,period,10.0,48.0,20.0,int,cycle_length,5.0,24.0,10.0,int,,,,,,,,,,,,,,,,,,,,
221,221_tick_volume,2,400,156,62400,500,0.8013%,period,10.0,48.0,20.0,int,threshold,25.0,82.0,50.0,int,,,,,,,,,,,,,,,,,,,,
222,222_trade_volume,1,20,156,3120,500,16.0256%,period,7.0,26.0,14.0,int,,,,,,,,,,,,,,,,,,,,,,,,,
223,223_buy_volume,1,20,156,3120,500,16.0256%,period,7.0,26.0,14.0,int,,,,,,,,,,,,,,,,,,,,,,,,,
224,224_sell_volume,1,20,156,3120,500,16.0256%,period,7.0,26.0,14.0,int,,,,,,,,,,,,,,,,,,,,,,,,,
225,225_delta_volume,1,20,156,3120,500,16.0256%,period,7.0,26.0,14.0,int,,,,,,,,,,,,,,,,,,,,,,,,,
226,226_cumulative_delta,1,20,156,3120,500,16.0256%,period,7.0,26.0,14.0,int,,,,,,,,,,,,,,,,,,,,,,,,,
227,227_volume_imbalance,2,400,156,62400,500,0.8013%,period,10.0,48.0,20.0,int,threshold,25.0,82.0,50.0,int,,,,,,,,,,,,,,,,,,,,
228,228_order_flow,1,20,156,3120,500,16.0256%,period,7.0,26.0,14.0,int,,,,,,,,,,,,,,,,,,,,,,,,,
229,229_market_depth,1,20,156,3120,500,16.0256%,period,7.0,26.0,14.0,int,,,,,,,,,,,,,,,,,,,,,,,,,
230,230_bid_ask_spread,1,20,156,3120,500,16.0256%,period,7.0,26.0,14.0,int,,,,,,,,,,,,,,,,,,,,,,,,,
231,231_bid_volume,2,400,156,62400,500,0.8013%,period,10.0,48.0,20.0,int,threshold,25.0,82.0,50.0,int,,,,,,,,,,,,,,,,,,,,
232,232_ask_volume,1,20,156,3120,500,16.0256%,period,7.0,26.0,14.0,int,,,,,,,,,,,,,,,,,,,,,,,,,
233,233_trade_intensity,1,20,156,3120,500,16.0256%,period,7.0,26.0,14.0,int,,,,,,,,,,,,,,,,,,,,,,,,,
234,234_trade_frequency,2,400,156,62400,500,0.8013%,period,10.0,48.0,20.0,int,threshold,25.0,82.0,50.0,int,,,,,,,,,,,,,,,,,,,,
235,235_average_trade_size,2,400,156,62400,500,0.8013%,period,10.0,48.0,20.0,int,threshold,25.0,82.0,50.0,int,,,,,,,,,,,,,,,,,,,,
236,236_large_trade_detector,2,400,156,62400,500,0.8013%,period,10.0,48.0,20.0,int,threshold,1.25,7.5,2.5,float,,,,,,,,,,,,,,,,,,,,
237,237_block_trade_detector,2,160,156,24960,500,2.0032%,period,10.0,48.0,20.0,int,threshold,2.0,9.0,3.0,int,,,,,,,,,,,,,,,,,,,,
238,238_institutional_volume,0,1,156,156,500,320.5128%,,,,,,,,,,,,,,,,,,,,,,,,,,,,,,
239,239_retail_volume,1,20,156,3120,500,16.0256%,period,10.0,48.0,20.0,int,,,,,,,,,,,,,,,,,,,,,,,,,
240,240_dark_pool_activity,2,400,156,62400,500,0.8013%,period,10.0,48.0,20.0,int,threshold,25.0,82.0,50.0,int,,,,,,,,,,,,,,,,,,,,
241,241_skewness,1,20,156,3120,500,16.0256%,period,10.0,48.0,20.0,int,,,,,,,,,,,,,,,,,,,,,,,,,
242,242_kurtosis,1,20,156,3120,500,16.0256%,period,10.0,48.0,20.0,int,,,,,,,,,,,,,,,,,,,,,,,,,
243,243_zscore,2,120,156,18720,500,2.6709%,period,10.0,48.0,20.0,int,threshold,1.0,6.0,2.0,int,,,,,,,,,,,,,,,,,,,,
244,244_tscore,1,20,156,3120,500,16.0256%,period,10.0,48.0,20.0,int,,,,,,,,,,,,,,,,,,,,,,,,,
245,245_percentile,1,20,156,3120,500,16.0256%,period,50.0,297.0,100.0,int,,,,,,,,,,,,,,,,,,,,,,,,,
246,246_quartile,1,20,156,3120,500,16.0256%,period,50.0,297.0,100.0,int,,,,,,,,,,,,,,,,,,,,,,,,,
247,247_iqr,1,20,156,3120,500,16.0256%,period,50.0,297.0,100.0,int,,,,,,,,,,,,,,,,,,,,,,,,,
248,248_mad,1,20,156,3120,500,16.0256%,period,10.0,48.0,20.0,int,,,,,,,,,,,,,,,,,,,,,,,,,
249,249_coefficient_variation,1,20,156,3120,500,16.0256%,period,10.0,48.0,20.0,int,,,,,,,,,,,,,,,,,,,,,,,,,
250,250_correlation_coefficient,1,20,156,3120,500,16.0256%,period,10.0,48.0,20.0,int,,,,,,,,,,,,,,,,,,,,,,,,,
251,251_covariance,1,20,156,3120,500,16.0256%,period,10.0,48.0,20.0,int,,,,,,,,,,,,,,,,,,,,,,,,,
252,252_beta,1,20,156,3120,500,16.0256%,period,10.0,48.0,20.0,int,,,,,,,,,,,,,,,,,,,,,,,,,
253,253_sharpe_ratio,1,20,156,3120,500,16.0256%,period,10.0,48.0,20.0,int,,,,,,,,,,,,,,,,,,,,,,,,,
254,254_sortino_ratio,1,20,156,3120,500,16.0256%,period,10.0,48.0,20.0,int,,,,,,,,,,,,,,,,,,,,,,,,,
255,255_calmar_ratio,1,20,156,3120,500,16.0256%,period,126.0,753.0,252.0,int,,,,,,,,,,,,,,,,,,,,,,,,,
256,256_linear_regression,1,20,156,3120,500,16.0256%,period,10.0,48.0,20.0,int,,,,,,,,,,,,,,,,,,,,,,,,,
257,257_polynomial_regression,2,120,156,18720,500,2.6709%,period,10.0,48.0,20.0,int,degree,1.0,6.0,2.0,int,,,,,,,,,,,,,,,,,,,,
258,258_exponential_regression,1,20,156,3120,500,16.0256%,period,10.0,48.0,20.0,int,,,,,,,,,,,,,,,,,,,,,,,,,
259,259_logarithmic_regression,1,20,156,3120,500,16.0256%,period,10.0,48.0,20.0,int,,,,,,,,,,,,,,,,,,,,,,,,,
260,260_power_regression,1,20,156,3120,500,16.0256%,period,10.0,48.0,20.0,int,,,,,,,,,,,,,,,,,,,,,,,,,
261,261_ridge_regression,2,80,156,12480,500,4.0064%,period,10.0,48.0,20.0,int,alpha,0.0,3.0,1.0,int,,,,,,,,,,,,,,,,,,,,
262,262_lasso_regression,2,80,156,12480,500,4.0064%,period,10.0,48.0,20.0,int,alpha,0.0,3.0,1.0,int,,,,,,,,,,,,,,,,,,,,
263,263_elastic_net,0,1,156,156,500,320.5128%,,,,,,,,,,,,,,,,,,,,,,,,,,,,,,
264,264_time_series_regression,2,160,156,24960,500,2.0032%,period,10.0,48.0,20.0,int,lags,2.0,9.0,3.0,int,,,,,,,,,,,,,,,,,,,,
265,265_auto_regression,2,160,156,24960,500,2.0032%,period,10.0,48.0,20.0,int,ar_order,2.0,9.0,3.0,int,,,,,,,,,,,,,,,,,,,,
266,266_moving_average_model,2,160,156,24960,500,2.0032%,period,10.0,48.0,20.0,int,ma_order,2.0,9.0,3.0,int,,,,,,,,,,,,,,,,,,,,
267,267_arma_model,3,720,156,112320,500,0.4452%,period,10.0,48.0,20.0,int,ar_order,1.0,6.0,2.0,int,ma_order,1.0,6.0,2.0,int,,,,,,,,,,,,,,,
268,268_arima_model,4,2880,156,449280,500,0.1113%,period,10.0,48.0,20.0,int,ar_order,1.0,6.0,2.0,int,diff_order,0.0,3.0,1.0,int,ma_order,1.0,6.0,2.0,int,,,,,,,,,,
269,269_sarima_model,2,400,156,62400,500,0.8013%,period,10.0,48.0,20.0,int,seasonal_period,12.0,69.0,24.0,int,,,,,,,,,,,,,,,,,,,,
270,270_garch_model,2,400,156,62400,500,0.8013%,period,10.0,48.0,20.0,int,threshold,25.0,82.0,50.0,int,,,,,,,,,,,,,,,,,,,,
271,271_exponential_smoothing,1,20,156,3120,500,16.0256%,alpha,0.15,0.9,0.3,float,,,,,,,,,,,,,,,,,,,,,,,,,
272,272_holt_winters,4,160000,156,24960000,500,0.0020%,alpha,0.15,0.9,0.3,float,beta,0.05,0.3,0.1,float,gamma,0.05,0.3,0.1,float,seasonal_period,12.0,69.0,24.0,int,,,,,,,,,,
273,273_kalman_filter,2,400,156,62400,500,0.8013%,process_variance,0.005,0.03,0.01,float,measurement_variance,0.05,0.3,0.1,float,,,,,,,,,,,,,,,,,,,,
274,274_particle_filter,2,400,156,62400,500,0.8013%,num_particles,50.0,297.0,100.0,int,process_noise,0.05,0.3,0.1,float,,,,,,,,,,,,,,,,,,,,
275,275_linear_regression_slope,1,20,156,3120,500,16.0256%,period,10.0,48.0,20.0,int,,,,,,,,,,,,,,,,,,,,,,,,,
276,276_candlestick_patterns,1,20,156,3120,500,16.0256%,body_threshold,0.0005,0.003,0.001,float,,,,,,,,,,,,,,,,,,,,,,,,,
277,277_chart_patterns,2,400,156,62400,500,0.8013%,period,10.0,48.0,20.0,int,tolerance,0.01,0.06,0.02,float,,,,,,,,,,,,,,,,,,,,
278,278_harmonic_patterns,2,400,156,62400,500,0.8013%,period,25.0,139.0,50.0,int,tolerance,0.025,0.15,0.05,float,,,,,,,,,,,,,,,,,,,,
279,279_elliott_wave,1,20,156,3120,500,16.0256%,period,25.0,139.0,50.0,int,,,,,,,,,,,,,,,,,,,,,,,,,
280,280_fibonacci_retracements,0,1,156,156,500,320.5128%,,,,,,,,,,,,,,,,,,,,,,,,,,,,,,
281,281_fibonacci_extensions,0,1,156,156,500,320.5128%,,,,,,,,,,,,,,,,,,,,,,,,,,,,,,
282,282_fibonacci_fans,1,20,156,3120,500,16.0256%,period,25.0,139.0,50.0,int,,,,,,,,,,,,,,,,,,,,,,,,,
283,283_fibonacci_arcs,2,400,156,62400,500,0.8013%,period,10.0,48.0,20.0,int,threshold,25.0,82.0,50.0,int,,,,,,,,,,,,,,,,,,,,
284,284_fibonacci_time_zones,1,2,156,312,500,160.2564%,start_index,0.0,1.0,0.0,int,,,,,,,,,,,,,,,,,,,,,,,,,
285,285_gann_angles,2,400,156,62400,500,0.8013%,period,10.0,48.0,20.0,int,threshold,25.0,82.0,50.0,int,,,,,,,,,,,,,,,,,,,,
286,286_gann_square_of_9,2,400,156,62400,500,0.8013%,period,10.0,48.0,20.0,int,threshold,25.0,82.0,50.0,int,,,,,,,,,,,,,,,,,,,,
287,287_gann_fans,2,400,156,62400,500,0.8013%,period,10.0,48.0,20.0,int,threshold,25.0,82.0,50.0,int,,,,,,,,,,,,,,,,,,,,
288,288_andrews_pitchfork,1,20,156,3120,500,16.0256%,period,25.0,139.0,50.0,int,,,,,,,,,,,,,,,,,,,,,,,,,
290,290_support_resistance,2,400,156,62400,500,0.8013%,period,25.0,139.0,50.0,int,tolerance,0.005,0.03,0.01,float,,,,,,,,,,,,,,,,,,,,
291,291_normal_distribution,2,400,156,62400,500,0.8013%,period,10.0,48.0,20.0,int,threshold,25.0,82.0,50.0,int,,,,,,,,,,,,,,,,,,,,
292,292_lognormal_distribution,1,20,156,3120,500,16.0256%,period,10.0,48.0,20.0,int,,,,,,,,,,,,,,,,,,,,,,,,,
293,293_monte_carlo,3,5600,156,873600,500,0.0572%,period,10.0,48.0,20.0,int,num_simulations,50.0,297.0,100.0,int,forecast_steps,2.0,15.0,5.0,int,,,,,,,,,,,,,,,
294,294_bootstrap_sampling,2,400,156,62400,500,0.8013%,period,10.0,48.0,20.0,int,num_bootstrap,50.0,297.0,100.0,int,,,,,,,,,,,,,,,,,,,,
295,295_bayesian_inference,2,400,156,62400,500,0.8013%,period,10.0,48.0,20.0,int,prior_prob,0.25,1.5,0.5,float,,,,,,,,,,,,,,,,,,,,
296,296_confidence_intervals,2,400,156,62400,500,0.8013%,period,10.0,48.0,20.0,int,confidence_level,0.475,2.85,0.95,float,,,,,,,,,,,,,,,,,,,,
297,297_hypothesis_testing,2,400,156,62400,500,0.8013%,period,10.0,48.0,20.0,int,alpha,0.025,0.15,0.05,float,,,,,,,,,,,,,,,,,,,,
298,298_pvalue_calculator,1,20,156,3120,500,16.0256%,period,10.0,48.0,20.0,int,,,,,,,,,,,,,,,,,,,,,,,,,
299,299_statistical_significance,1,20,156,3120,500,16.0256%,period,10.0,48.0,20.0,int,,,,,,,,,,,,,,,,,,,,,,,,,
300,300_probability_distribution,1,20,156,3120,500,16.0256%,period,10.0,48.0,20.0,int,,,,,,,,,,,,,,,,,,,,,,,,,
301,301_bayesian_probability,2,400,156,62400,500,0.8013%,period,10.0,48.0,20.0,int,threshold,0.3,1.8,0.6,float,,,,,,,,,,,,,,,,,,,,
302,302_monte_carlo_probability,1,20,156,3120,500,16.0256%,period,10.0,48.0,20.0,int,,,,,,,,,,,,,,,,,,,,,,,,,
303,303_statistical_arbitrage,2,120,156,18720,500,2.6709%,period,10.0,48.0,20.0,int,zscore_threshold,1.0,6.0,2.0,int,,,,,,,,,,,,,,,,,,,,
304,304_regime_switching,1,20,156,3120,500,16.0256%,period,10.0,48.0,20.0,int,,,,,,,,,,,,,,,,,,,,,,,,,
305,305_markov_chain,2,400,156,62400,500,0.8013%,period,10.0,48.0,20.0,int,threshold,25.0,82.0,50.0,int,,,,,,,,,,,,,,,,,,,,
306,306_gradient_boosting_signal,2,400,156,62400,500,0.8013%,period,10.0,48.0,20.0,int,threshold,0.3,1.8,0.6,float,,,,,,,,,,,,,,,,,,,,
307,307_random_forest_ensemble,1,20,156,3120,500,16.0256%,period,10.0,48.0,20.0,int,,,,,,,,,,,,,,,,,,,,,,,,,
308,308_neural_network_prediction,1,20,156,3120,500,16.0256%,period,10.0,48.0,20.0,int,,,,,,,,,,,,,,,,,,,,,,,,,
309,309_lstm_pattern_recognition,2,400,156,62400,500,0.8013%,period,10.0,48.0,20.0,int,threshold,25.0,82.0,50.0,int,,,,,,,,,,,,,,,,,,,,
310,310_reinforcement_learning_signal,2,400,156,62400,500,0.8013%,period,10.0,48.0,20.0,int,threshold,25.0,82.0,50.0,int,,,,,,,,,,,,,,,,,,,,
311,311_convolutional_pattern,2,280,156,43680,500,1.1447%,kernel_size,2.0,15.0,5.0,int,period,10.0,48.0,20.0,int,,,,,,,,,,,,,,,,,,,,
312,312_attention_mechanism,2,400,156,62400,500,0.8013%,period,10.0,48.0,20.0,int,threshold,25.0,82.0,50.0,int,,,,,,,,,,,,,,,,,,,,
313,313_transformer_signal,2,400,156,62400,500,0.8013%,period,10.0,48.0,20.0,int,threshold,25.0,82.0,50.0,int,,,,,,,,,,,,,,,,,,,,
314,314_autoencoder_anomaly,2,120,156,18720,500,2.6709%,period,10.0,48.0,20.0,int,threshold,1.0,6.0,2.0,int,,,,,,,,,,,,,,,,,,,,
315,315_gan_price_generator,1,20,156,3120,500,16.0256%,period,10.0,48.0,20.0,int,,,,,,,,,,,,,,,,,,,,,,,,,
316,316_xgboost_signal,2,400,156,62400,500,0.8013%,period,10.0,48.0,20.0,int,threshold,25.0,82.0,50.0,int,,,,,,,,,,,,,,,,,,,,
317,317_ensemble_voting,2,400,156,62400,500,0.8013%,period,10.0,48.0,20.0,int,threshold,25.0,82.0,50.0,int,,,,,,,,,,,,,,,,,,,,
318,318_stacking_ensemble,1,20,156,3120,500,16.0256%,period,10.0,48.0,20.0,int,,,,,,,,,,,,,,,,,,,,,,,,,
319,319_bagging_predictor,1,20,156,3120,500,16.0256%,period,10.0,48.0,20.0,int,,,,,,,,,,,,,,,,,,,,,,,,,
320,320_boosting_cascade,1,20,156,3120,500,16.0256%,period,10.0,48.0,20.0,int,,,,,,,,,,,,,,,,,,,,,,,,,
321,321_automl_optimizer,1,20,156,3120,500,16.0256%,period,10.0,48.0,20.0,int,,,,,,,,,,,,,,,,,,,,,,,,,
322,322_meta_learning,1,20,156,3120,500,16.0256%,period,10.0,48.0,20.0,int,,,,,,,,,,,,,,,,,,,,,,,,,
323,323_transfer_learning,2,280,156,43680,500,1.1447%,short_period,2.0,15.0,5.0,int,long_period,10.0,48.0,20.0,int,,,,,,,,,,,,,,,,,,,,
324,324_few_shot_learning,2,400,156,62400,500,0.8013%,period,10.0,48.0,20.0,int,threshold,25.0,82.0,50.0,int,,,,,,,,,,,,,,,,,,,,
325,325_online_learning,2,400,156,62400,500,0.8013%,period,10.0,48.0,20.0,int,threshold,25.0,82.0,50.0,int,,,,,,,,,,,,,,,,,,,,
326,326_hybrid_ml_technical,2,400,156,62400,500,0.8013%,period,10.0,48.0,20.0,int,ml_weight,0.25,1.5,0.5,float,,,,,,,,,,,,,,,,,,,,
327,327_adaptive_ensemble,2,400,156,62400,500,0.8013%,period,10.0,48.0,20.0,int,adaptation_rate,0.05,0.3,0.1,float,,,,,,,,,,,,,,,,,,,,
328,328_multi_model_fusion,1,20,156,3120,500,16.0256%,period,10.0,48.0,20.0,int,,,,,,,,,,,,,,,,,,,,,,,,,
329,329_dynamic_model_selection,2,400,156,62400,500,0.8013%,period,10.0,48.0,20.0,int,lookback,25.0,139.0,50.0,int,,,,,,,,,,,,,,,,,,,,
330,330_consensus_aggregator,2,400,156,62400,500,0.8013%,period,10.0,48.0,20.0,int,consensus_threshold,0.35,2.1,0.7,float,,,,,,,,,,,,,,,,,,,,
331,331_feature_importance_ranker,1,20,156,3120,500,16.0256%,period,10.0,48.0,20.0,int,,,,,,,,,,,,,,,,,,,,,,,,,
332,332_feature_selection_filter,2,400,156,62400,500,0.8013%,period,10.0,48.0,20.0,int,correlation_threshold,0.15,0.9,0.3,float,,,,,,,,,,,,,,,,,,,,
333,333_feature_interaction,1,20,156,3120,500,16.0256%,period,10.0,48.0,20.0,int,,,,,,,,,,,,,,,,,,,,,,,,,
334,334_polynomial_features,2,400,156,62400,500,0.8013%,period,10.0,48.0,20.0,int,threshold,25.0,82.0,50.0,int,,,,,,,,,,,,,,,,,,,,
335,335_feature_engineering_auto,1,20,156,3120,500,16.0256%,period,10.0,48.0,20.0,int,,,,,,,,,,,,,,,,,,,,,,,,,
336,336_pca_signal,1,20,156,3120,500,16.0256%,period,10.0,48.0,20.0,int,,,,,,,,,,,,,,,,,,,,,,,,,
337,337_ica_signal,1,20,156,3120,500,16.0256%,period,10.0,48.0,20.0,int,,,,,,,,,,,,,,,,,,,,,,,,,
338,338_manifold_learning,1,20,156,3120,500,16.0256%,period,10.0,48.0,20.0,int,,,,,,,,,,,,,,,,,,,,,,,,,
339,339_tsne_clustering,2,400,156,62400,500,0.8013%,period,10.0,48.0,20.0,int,threshold,25.0,82.0,50.0,int,,,,,,,,,,,,,,,,,,,,
340,340_autoencoder_compression,1,20,156,3120,500,16.0256%,period,10.0,48.0,20.0,int,,,,,,,,,,,,,,,,,,,,,,,,,
341,341_kmeans_clustering,1,20,156,3120,500,16.0256%,period,10.0,48.0,20.0,int,,,,,,,,,,,,,,,,,,,,,,,,,
342,342_dbscan_anomaly,2,400,156,62400,500,0.8013%,period,10.0,48.0,20.0,int,eps,0.25,1.5,0.5,float,,,,,,,,,,,,,,,,,,,,
343,343_hierarchical_clustering,1,20,156,3120,500,16.0256%,period,10.0,48.0,20.0,int,,,,,,,,,,,,,,,,,,,,,,,,,
344,344_gaussian_mixture,1,20,156,3120,500,16.0256%,period,10.0,48.0,20.0,int,,,,,,,,,,,,,,,,,,,,,,,,,
345,345_spectral_clustering,1,20,156,3120,500,16.0256%,period,10.0,48.0,20.0,int,,,,,,,,,,,,,,,,,,,,,,,,,
346,346_arima_forecast,1,20,156,3120,500,16.0256%,period,10.0,48.0,20.0,int,,,,,,,,,,,,,,,,,,,,,,,,,
347,347_exponential_smoothing,2,400,156,62400,500,0.8013%,period,10.0,48.0,20.0,int,alpha,0.15,0.9,0.3,float,,,,,,,,,,,,,,,,,,,,
348,348_kalman_filter,2,400,156,62400,500,0.8013%,period,10.0,48.0,20.0,int,process_noise,0.005,0.03,0.01,float,,,,,,,,,,,,,,,,,,,,
349,349_wavelet_decomposition,1,20,156,3120,500,16.0256%,period,10.0,48.0,20.0,int,,,,,,,,,,,,,,,,,,,,,,,,,
350,350_seasonal_decomposition,1,20,156,3120,500,16.0256%,period,10.0,48.0,20.0,int,,,,,,,,,,,,,,,,,,,,,,,,,
351,351_prophet_forecast,2,400,156,62400,500,0.8013%,period,10.0,48.0,20.0,int,threshold,25.0,82.0,50.0,int,,,,,,,,,,,,,,,,,,,,
352,352_garch_volatility,1,20,156,3120,500,16.0256%,period,10.0,48.0,20.0,int,,,,,,,,,,,,,,,,,,,,,,,,,
353,353_var_forecast,1,20,156,3120,500,16.0256%,period,10.0,48.0,20.0,int,,,,,,,,,,,,,,,,,,,,,,,,,
354,354_state_space_model,1,20,156,3120,500,16.0256%,period,10.0,48.0,20.0,int,,,,,,,,,,,,,,,,,,,,,,,,,
355,355_granger_causality,2,400,156,62400,500,0.8013%,period,10.0,48.0,20.0,int,threshold,25.0,82.0,50.0,int,,,,,,,,,,,,,,,,,,,,
356,356_cointegration_signal,1,20,156,3120,500,16.0256%,period,10.0,48.0,20.0,int,,,,,,,,,,,,,,,,,,,,,,,,,
357,357_stochastic_process,1,20,156,3120,500,16.0256%,period,10.0,48.0,20.0,int,,,,,,,,,,,,,,,,,,,,,,,,,
358,358_jump_diffusion,2,120,156,18720,500,2.6709%,period,10.0,48.0,20.0,int,jump_threshold,1.0,6.0,2.0,int,,,,,,,,,,,,,,,,,,,,
359,359_mean_reversion_speed,1,20,156,3120,500,16.0256%,period,10.0,48.0,20.0,int,,,,,,,,,,,,,,,,,,,,,,,,,
360,360_hurst_exponent,1,20,156,3120,500,16.0256%,period,10.0,48.0,20.0,int,,,,,,,,,,,,,,,,,,,,,,,,,
361,361_isolation_forest,1,20,156,3120,500,16.0256%,period,10.0,48.0,20.0,int,,,,,,,,,,,,,,,,,,,,,,,,,
362,362_local_outlier_factor,3,2000,156,312000,500,0.1603%,period,10.0,48.0,20.0,int,multiplier,1.0,5.0,2.0,int,threshold,25.0,82.0,50.0,int,,,,,,,,,,,,,,,
363,363_one_class_svm,2,400,156,62400,500,0.8013%,period,10.0,48.0,20.0,int,nu,0.05,0.3,0.1,float,,,,,,,,,,,,,,,,,,,,
364,364_elliptic_envelope,2,400,156,62400,500,0.8013%,period,10.0,48.0,20.0,int,contamination,0.05,0.3,0.1,float,,,,,,,,,,,,,,,,,,,,
365,365_statistical_anomaly,2,120,156,18720,500,2.6709%,period,10.0,48.0,20.0,int,threshold,1.0,6.0,2.0,int,,,,,,,,,,,,,,,,,,,,
366,366_candlestick_pattern_ml,2,400,156,62400,500,0.8013%,period,10.0,48.0,20.0,int,threshold,25.0,82.0,50.0,int,,,,,,,,,,,,,,,,,,,,
367,367_chart_pattern_detector,1,20,156,3120,500,16.0256%,period,10.0,48.0,20.0,int,,,,,,,,,,,,,,,,,,,,,,,,,
368,368_harmonic_pattern,1,20,156,3120,500,16.0256%,period,10.0,48.0,20.0,int,,,,,,,,,,,,,,,,,,,,,,,,,
369,369_elliott_wave_detector,1,20,156,3120,500,16.0256%,period,10.0,48.0,20.0,int,,,,,,,,,,,,,,,,,,,,,,,,,
370,370_wyckoff_accumulation,1,20,156,3120,500,16.0256%,period,10.0,48.0,20.0,int,,,,,,,,,,,,,,,,,,,,,,,,,
371,371_fourier_transform,1,20,156,3120,500,16.0256%,period,10.0,48.0,20.0,int,,,,,,,,,,,,,,,,,,,,,,,,,
372,372_hilbert_transform,1,20,156,3120,500,16.0256%,period,10.0,48.0,20.0,int,,,,,,,,,,,,,,,,,,,,,,,,,
373,373_bandpass_filter,1,20,156,3120,500,16.0256%,period,10.0,48.0,20.0,int,,,,,,,,,,,,,,,,,,,,,,,,,
374,374_adaptive_filter,2,400,156,62400,500,0.8013%,period,10.0,48.0,20.0,int,mu,0.005,0.03,0.01,float,,,,,,,,,,,,,,,,,,,,
375,375_spectral_analysis,2,400,156,62400,500,0.8013%,period,10.0,48.0,20.0,int,threshold,25.0,82.0,50.0,int,,,,,,,,,,,,,,,,,,,,
376,376_shannon_entropy,1,20,156,3120,500,16.0256%,period,10.0,48.0,20.0,int,,,,,,,,,,,,,,,,,,,,,,,,,
377,377_mutual_information,1,20,156,3120,500,16.0256%,period,10.0,48.0,20.0,int,,,,,,,,,,,,,,,,,,,,,,,,,
378,378_transfer_entropy,1,20,156,3120,500,16.0256%,period,10.0,48.0,20.0,int,,,,,,,,,,,,,,,,,,,,,,,,,
379,379_approximate_entropy,1,20,156,3120,500,16.0256%,period,10.0,48.0,20.0,int,,,,,,,,,,,,,,,,,,,,,,,,,
380,380_sample_entropy,2,400,156,62400,500,0.8013%,period,10.0,48.0,20.0,int,threshold,25.0,82.0,50.0,int,,,,,,,,,,,,,,,,,,,,
381,381_kolmogorov_complexity,1,20,156,3120,500,16.0256%,period,10.0,48.0,20.0,int,,,,,,,,,,,,,,,,,,,,,,,,,
382,382_lempel_ziv_complexity,2,400,156,62400,500,0.8013%,period,10.0,48.0,20.0,int,threshold,25.0,82.0,50.0,int,,,,,,,,,,,,,,,,,,,,
383,383_permutation_entropy,1,20,156,3120,500,16.0256%,period,10.0,48.0,20.0,int,,,,,,,,,,,,,,,,,,,,,,,,,
384,384_multiscale_entropy,2,400,156,62400,500,0.8013%,period,10.0,48.0,20.0,int,threshold,25.0,82.0,50.0,int,,,,,,,,,,,,,,,,,,,,
385,385_compression_ratio,2,400,156,62400,500,0.8013%,period,10.0,48.0,20.0,int,threshold,25.0,82.0,50.0,int,,,,,,,,,,,,,,,,,,,,
386,386_correlation_network,2,400,156,62400,500,0.8013%,period,10.0,48.0,20.0,int,threshold,25.0,82.0,50.0,int,,,,,,,,,,,,,,,,,,,,
387,387_graph_centrality,1,20,156,3120,500,16.0256%,period,10.0,48.0,20.0,int,,,,,,,,,,,,,,,,,,,,,,,,,
388,388_network_topology,2,400,156,62400,500,0.8013%,period,10.0,48.0,20.0,int,threshold,25.0,82.0,50.0,int,,,,,,,,,,,,,,,,,,,,
389,389_community_detection,2,400,156,62400,500,0.8013%,period,10.0,48.0,20.0,int,threshold,25.0,82.0,50.0,int,,,,,,,,,,,,,,,,,,,,
390,390_pagerank_signal,1,20,156,3120,500,16.0256%,period,10.0,48.0,20.0,int,,,,,,,,,,,,,,,,,,,,,,,,,
391,391_lyapunov_exponent,2,400,156,62400,500,0.8013%,period,10.0,48.0,20.0,int,threshold,25.0,82.0,50.0,int,,,,,,,,,,,,,,,,,,,,
392,392_attractor_dimension,2,400,156,62400,500,0.8013%,period,10.0,48.0,20.0,int,threshold,25.0,82.0,50.0,int,,,,,,,,,,,,,,,,,,,,
393,393_phase_space_reconstruction,1,20,156,3120,500,16.0256%,period,10.0,48.0,20.0,int,,,,,,,,,,,,,,,,,,,,,,,,,
394,394_bifurcation_detector,1,20,156,3120,500,16.0256%,period,10.0,48.0,20.0,int,,,,,,,,,,,,,,,,,,,,,,,,,
395,395_nonlinear_prediction,1,20,156,3120,500,16.0256%,period,10.0,48.0,20.0,int,,,,,,,,,,,,,,,,,,,,,,,,,
396,396_recurrence_plot,1,20,156,3120,500,16.0256%,period,10.0,48.0,20.0,int,,,,,,,,,,,,,,,,,,,,,,,,,
397,397_recurrence_quantification,1,20,156,3120,500,16.0256%,period,10.0,48.0,20.0,int,,,,,,,,,,,,,,,,,,,,,,,,,
398,398_cross_recurrence,2,400,156,62400,500,0.8013%,period,10.0,48.0,20.0,int,threshold,25.0,82.0,50.0,int,,,,,,,,,,,,,,,,,,,,
399,399_diagonal_line_analysis,2,400,156,62400,500,0.8013%,period,10.0,48.0,20.0,int,threshold,25.0,82.0,50.0,int,,,,,,,,,,,,,,,,,,,,
400,400_recurrence_time,2,400,156,62400,500,0.8013%,period,10.0,48.0,20.0,int,threshold,25.0,82.0,50.0,int,,,,,,,,,,,,,,,,,,,,
401,401_bid_ask_spread,1,20,156,3120,500,16.0256%,period,10.0,48.0,20.0,int,,,,,,,,,,,,,,,,,,,,,,,,,
402,402_order_flow_imbalance,1,20,156,3120,500,16.0256%,period,10.0,48.0,20.0,int,,,,,,,,,,,,,,,,,,,,,,,,,
403,403_market_depth,2,400,156,62400,500,0.8013%,period,10.0,48.0,20.0,int,threshold,25.0,82.0,50.0,int,,,,,,,,,,,,,,,,,,,,
404,404_trade_intensity,2,400,156,62400,500,0.8013%,period,10.0,48.0,20.0,int,threshold,25.0,82.0,50.0,int,,,,,,,,,,,,,,,,,,,,
405,405_price_impact,2,400,156,62400,500,0.8013%,period,10.0,48.0,20.0,int,threshold,25.0,82.0,50.0,int,,,,,,,,,,,,,,,,,,,,
406,406_volume_weighted_spread,2,400,156,62400,500,0.8013%,period,10.0,48.0,20.0,int,threshold,25.0,82.0,50.0,int,,,,,,,,,,,,,,,,,,,,
407,407_effective_spread,1,20,156,3120,500,16.0256%,period,10.0,48.0,20.0,int,,,,,,,,,,,,,,,,,,,,,,,,,
408,408_quoted_spread,2,400,156,62400,500,0.8013%,period,10.0,48.0,20.0,int,threshold,25.0,82.0,50.0,int,,,,,,,,,,,,,,,,,,,,
409,409_roll_measure,2,400,156,62400,500,0.8013%,period,10.0,48.0,20.0,int,threshold,25.0,82.0,50.0,int,,,,,,,,,,,,,,,,,,,,
410,410_amihud_illiquidity,1,20,156,3120,500,16.0256%,period,10.0,48.0,20.0,int,,,,,,,,,,,,,,,,,,,,,,,,,
411,411_volume_synchronized_probability,1,20,156,3120,500,16.0256%,period,10.0,48.0,20.0,int,,,,,,,,,,,,,,,,,,,,,,,,,
412,412_kyle_lambda,2,400,156,62400,500,0.8013%,period,10.0,48.0,20.0,int,threshold,25.0,82.0,50.0,int,,,,,,,,,,,,,,,,,,,,
413,413_hasbrouck_information_share,2,400,156,62400,500,0.8013%,period,10.0,48.0,20.0,int,threshold,25.0,82.0,50.0,int,,,,,,,,,,,,,,,,,,,,
414,414_adverse_selection,1,20,156,3120,500,16.0256%,period,10.0,48.0,20.0,int,,,,,,,,,,,,,,,,,,,,,,,,,
415,415_inventory_risk,1,20,156,3120,500,16.0256%,period,10.0,48.0,20.0,int,,,,,,,,,,,,,,,,,,,,,,,,,
416,416_market_making_spread,1,20,156,3120,500,16.0256%,period,10.0,48.0,20.0,int,,,,,,,,,,,,,,,,,,,,,,,,,
417,417_execution_shortfall,1,20,156,3120,500,16.0256%,period,10.0,48.0,20.0,int,,,,,,,,,,,,,,,,,,,,,,,,,
418,418_implementation_shortfall,1,20,156,3120,500,16.0256%,period,10.0,48.0,20.0,int,,,,,,,,,,,,,,,,,,,,,,,,,
419,419_arrival_price_benchmark,2,400,156,62400,500,0.8013%,period,10.0,48.0,20.0,int,threshold,25.0,82.0,50.0,int,,,,,,,,,,,,,,,,,,,,
420,420_vwap_execution_quality,2,400,156,62400,500,0.8013%,period,10.0,48.0,20.0,int,threshold,25.0,82.0,50.0,int,,,,,,,,,,,,,,,,,,,,
421,421_tick_direction,1,20,156,3120,500,16.0256%,period,10.0,48.0,20.0,int,,,,,,,,,,,,,,,,,,,,,,,,,
422,422_tick_rule,1,20,156,3120,500,16.0256%,period,10.0,48.0,20.0,int,,,,,,,,,,,,,,,,,,,,,,,,,
423,423_quote_rule,1,20,156,3120,500,16.0256%,period,10.0,48.0,20.0,int,,,,,,,,,,,,,,,,,,,,,,,,,
424,424_order_book_imbalance,1,20,156,3120,500,16.0256%,period,10.0,48.0,20.0,int,,,,,,,,,,,,,,,,,,,,,,,,,
425,425_order_book_slope,1,20,156,3120,500,16.0256%,period,10.0,48.0,20.0,int,,,,,,,,,,,,,,,,,,,,,,,,,
426,426_limit_order_book_pressure,1,20,156,3120,500,16.0256%,period,10.0,48.0,20.0,int,,,,,,,,,,,,,,,,,,,,,,,,,
427,427_twap_deviation,2,400,156,62400,500,0.8013%,period,10.0,48.0,20.0,int,threshold,25.0,82.0,50.0,int,,,,,,,,,,,,,,,,,,,,
428,428_participation_rate,2,400,156,62400,500,0.8013%,period,10.0,48.0,20.0,int,threshold,25.0,82.0,50.0,int,,,,,,,,,,,,,,,,,,,,
429,429_urgency_cost,1,20,156,3120,500,16.0256%,period,10.0,48.0,20.0,int,,,,,,,,,,,,,,,,,,,,,,,,,
430,430_latency_arbitrage,1,20,156,3120,500,16.0256%,period,10.0,48.0,20.0,int,,,,,,,,,,,,,,,,,,,,,,,,,
431,431_iceberg_detection,1,20,156,3120,500,16.0256%,period,10.0,48.0,20.0,int,,,,,,,,,,,,,,,,,,,,,,,,,
432,432_pov_algorithm,2,400,156,62400,500,0.8013%,period,10.0,48.0,20.0,int,threshold,25.0,82.0,50.0,int,,,,,,,,,,,,,,,,,,,,
433,433_smart_order_routing,2,400,156,62400,500,0.8013%,period,10.0,48.0,20.0,int,threshold,25.0,82.0,50.0,int,,,,,,,,,,,,,,,,,,,,
434,434_dark_pool_indicator,2,400,156,62400,500,0.8013%,period,10.0,48.0,20.0,int,threshold,25.0,82.0,50.0,int,,,,,,,,,,,,,,,,,,,,
435,435_algo_detection,2,400,156,62400,500,0.8013%,period,10.0,48.0,20.0,int,threshold,25.0,82.0,50.0,int,,,,,,,,,,,,,,,,,,,,
436,436_iceberg_detection,2,400,156,62400,500,0.8013%,period,10.0,48.0,20.0,int,threshold,25.0,82.0,50.0,int,,,,,,,,,,,,,,,,,,,,
437,437_pov_algorithm,2,400,156,62400,500,0.8013%,period,10.0,48.0,20.0,int,target_pov,0.05,0.3,0.1,float,,,,,,,,,,,,,,,,,,,,
438,438_smart_order_routing,2,400,156,62400,500,0.8013%,period,10.0,48.0,20.0,int,threshold,25.0,82.0,50.0,int,,,,,,,,,,,,,,,,,,,,
439,439_dark_pool_activity,2,400,156,62400,500,0.8013%,period,10.0,48.0,20.0,int,threshold,25.0,82.0,50.0,int,,,,,,,,,,,,,,,,,,,,
440,440_algo_trading_detection,2,400,156,62400,500,0.8013%,period,10.0,48.0,20.0,int,threshold,25.0,82.0,50.0,int,,,,,,,,,,,,,,,,,,,,
441,441_market_maker_inventory,1,20,156,3120,500,16.0256%,period,10.0,48.0,20.0,int,,,,,,,,,,,,,,,,,,,,,,,,,
442,442_quote_stuffing,1,20,156,3120,500,16.0256%,period,10.0,48.0,20.0,int,,,,,,,,,,,,,,,,,,,,,,,,,
443,443_spoofing_detection,1,20,156,3120,500,16.0256%,period,10.0,48.0,20.0,int,,,,,,,,,,,,,,,,,,,,,,,,,
444,444_wash_trading,2,400,156,62400,500,0.8013%,period,10.0,48.0,20.0,int,threshold,25.0,82.0,50.0,int,,,,,,,,,,,,,,,,,,,,
445,445_front_running,1,20,156,3120,500,16.0256%,period,10.0,48.0,20.0,int,,,,,,,,,,,,,,,,,,,,,,,,,
446,446_momentum_ignition,1,20,156,3120,500,16.0256%,period,10.0,48.0,20.0,int,,,,,,,,,,,,,,,,,,,,,,,,,
447,447_pump_dump,1,20,156,3120,500,16.0256%,period,10.0,48.0,20.0,int,,,,,,,,,,,,,,,,,,,,,,,,,
448,448_liquidity_hunting,1,20,156,3120,500,16.0256%,period,10.0,48.0,20.0,int,,,,,,,,,,,,,,,,,,,,,,,,,
449,449_order_anticipation,2,400,156,62400,500,0.8013%,period,10.0,48.0,20.0,int,threshold,25.0,82.0,50.0,int,,,,,,,,,,,,,,,,,,,,
450,450_hft_toxicity,1,20,156,3120,500,16.0256%,period,10.0,48.0,20.0,int,,,,,,,,,,,,,,,,,,,,,,,,,
451,451_market_quality_index,2,400,156,62400,500,0.8013%,period,10.0,48.0,20.0,int,threshold,25.0,82.0,50.0,int,,,,,,,,,,,,,,,,,,,,
452,452_microstructure_noise,2,400,156,62400,500,0.8013%,period,10.0,48.0,20.0,int,threshold,25.0,82.0,50.0,int,,,,,,,,,,,,,,,,,,,,
453,453_effective_tick_size,1,20,156,3120,500,16.0256%,period,10.0,48.0,20.0,int,,,,,,,,,,,,,,,,,,,,,,,,,
454,454_realized_volatility_signature,1,20,156,3120,500,16.0256%,period,10.0,48.0,20.0,int,,,,,,,,,,,,,,,,,,,,,,,,,
455,455_price_discovery,1,20,156,3120,500,16.0256%,period,10.0,48.0,20.0,int,,,,,,,,,,,,,,,,,,,,,,,,,
456,456_pin_risk,2,400,156,62400,500,0.8013%,period,10.0,48.0,20.0,int,threshold,25.0,82.0,50.0,int,,,,,,,,,,,,,,,,,,,,
457,457_market_resilience,2,400,156,62400,500,0.8013%,period,10.0,48.0,20.0,int,threshold,25.0,82.0,50.0,int,,,,,,,,,,,,,,,,,,,,
458,458_trade_duration,2,400,156,62400,500,0.8013%,period,10.0,48.0,20.0,int,threshold,25.0,82.0,50.0,int,,,,,,,,,,,,,,,,,,,,
459,459_market_fragmentation,2,400,156,62400,500,0.8013%,period,10.0,48.0,20.0,int,threshold,25.0,82.0,50.0,int,,,,,,,,,,,,,,,,,,,,
460,460_execution_probability,2,400,156,62400,500,0.8013%,period,10.0,48.0,20.0,int,threshold,25.0,82.0,50.0,int,,,,,,,,,,,,,,,,,,,,
461,461_order_flow_toxicity,2,400,156,62400,500,0.8013%,period,10.0,48.0,20.0,int,threshold,25.0,82.0,50.0,int,,,,,,,,,,,,,,,,,,,,
462,462_market_making_profitability,2,400,156,62400,500,0.8013%,period,10.0,48.0,20.0,int,threshold,25.0,82.0,50.0,int,,,,,,,,,,,,,,,,,,,,
463,463_queue_position,2,400,156,62400,500,0.8013%,period,10.0,48.0,20.0,int,threshold,25.0,82.0,50.0,int,,,,,,,,,,,,,,,,,,,,
464,464_liquidity_provision_score,2,400,156,62400,500,0.8013%,period,10.0,48.0,20.0,int,threshold,25.0,82.0,50.0,int,,,,,,,,,,,,,,,,,,,,
465,465_execution_slippage,3,8000,156,1248000,500,0.0401%,period,10.0,48.0,20.0,int,threshold,25.0,82.0,50.0,int,oversold,15.0,34.0,30.0,int,,,,,,,,,,,,,,,
466,466_transaction_cost_analysis,3,8000,156,1248000,500,0.0401%,period,10.0,48.0,20.0,int,threshold,25.0,82.0,50.0,int,oversold,15.0,34.0,30.0,int,,,,,,,,,,,,,,,
467,467_best_execution,2,400,156,62400,500,0.8013%,period,10.0,48.0,20.0,int,threshold,25.0,82.0,50.0,int,,,,,,,,,,,,,,,,,,,,
468,468_venue_selection,2,400,156,62400,500,0.8013%,period,10.0,48.0,20.0,int,threshold,25.0,82.0,50.0,int,,,,,,,,,,,,,,,,,,,,
469,469_order_book_dynamics,2,400,156,62400,500,0.8013%,period,10.0,48.0,20.0,int,threshold,25.0,82.0,50.0,int,,,,,,,,,,,,,,,,,,,,
470,470_high_frequency_momentum,2,400,156,62400,500,0.8013%,period,10.0,48.0,20.0,int,threshold,25.0,82.0,50.0,int,,,,,,,,,,,,,,,,,,,,
471,471_market_impact_model,1,20,156,3120,500,16.0256%,period,10.0,48.0,20.0,int,,,,,,,,,,,,,,,,,,,,,,,,,
472,472_optimal_execution_horizon,2,400,156,62400,500,0.8013%,period,10.0,48.0,20.0,int,threshold,25.0,82.0,50.0,int,,,,,,,,,,,,,,,,,,,,
473,473_trade_aggressiveness,2,400,156,62400,500,0.8013%,period,10.0,48.0,20.0,int,threshold,25.0,82.0,50.0,int,,,,,,,,,,,,,,,,,,,,
474,474_smart_money_flow,2,400,156,62400,500,0.8013%,period,10.0,48.0,20.0,int,threshold,25.0,82.0,50.0,int,,,,,,,,,,,,,,,,,,,,
475,475_market_microstructure_invariance,2,400,156,62400,500,0.8013%,period,10.0,48.0,20.0,int,threshold,25.0,82.0,50.0,int,,,,,,,,,,,,,,,,,,,,
476,476_liquidity_shock,2,400,156,62400,500,0.8013%,period,10.0,48.0,20.0,int,threshold,25.0,82.0,50.0,int,,,,,,,,,,,,,,,,,,,,
477,477_order_flow_persistence,1,20,156,3120,500,16.0256%,period,10.0,48.0,20.0,int,,,,,,,,,,,,,,,,,,,,,,,,,
478,478_market_maker_spread_compression,1,20,156,3120,500,16.0256%,period,10.0,48.0,20.0,int,,,,,,,,,,,,,,,,,,,,,,,,,
479,479_execution_quality_score,2,400,156,62400,500,0.8013%,period,10.0,48.0,20.0,int,oversold,15.0,34.0,30.0,int,,,,,,,,,,,,,,,,,,,,
480,480_venue_toxicity,1,20,156,3120,500,16.0256%,period,10.0,48.0,20.0,int,,,,,,,,,,,,,,,,,,,,,,,,,
481,481_smart_order_flow_detector,1,20,156,3120,500,16.0256%,period,10.0,48.0,20.0,int,,,,,,,,,,,,,,,,,,,,,,,,,
482,482_market_regime_classifier,2,400,156,62400,500,0.8013%,period,10.0,48.0,20.0,int,threshold,25.0,82.0,50.0,int,,,,,,,,,,,,,,,,,,,,
483,483_liquidity_provider_profitability,2,400,156,62400,500,0.8013%,period,10.0,48.0,20.0,int,threshold,25.0,82.0,50.0,int,,,,,,,,,,,,,,,,,,,,
484,484_order_book_pressure_asymmetry,2,400,156,62400,500,0.8013%,period,10.0,48.0,20.0,int,threshold,25.0,82.0,50.0,int,,,,,,,,,,,,,,,,,,,,
485,485_execution_timing_optimizer,3,2000,156,312000,500,0.1603%,period,10.0,48.0,20.0,int,multiplier,1.0,5.0,2.0,int,oversold,15.0,34.0,30.0,int,,,,,,,,,,,,,,,
486,486_volume_profile_analyzer,2,400,156,62400,500,0.8013%,period,10.0,48.0,20.0,int,threshold,25.0,82.0,50.0,int,,,,,,,,,,,,,,,,,,,,
487,487_market_depth_imbalance,3,8000,156,1248000,500,0.0401%,period,10.0,48.0,20.0,int,threshold,25.0,82.0,50.0,int,oversold,15.0,34.0,30.0,int,,,,,,,,,,,,,,,
488,488_trade_size_distribution,2,400,156,62400,500,0.8013%,period,10.0,48.0,20.0,int,threshold,25.0,82.0,50.0,int,,,,,,,,,,,,,,,,,,,,
489,489_price_level_magnetism,2,400,156,62400,500,0.8013%,period,10.0,48.0,20.0,int,threshold,25.0,82.0,50.0,int,,,,,,,,,,,,,,,,,,,,
490,490_liquidity_heatmap_score,2,400,156,62400,500,0.8013%,period,10.0,48.0,20.0,int,threshold,25.0,82.0,50.0,int,,,,,,,,,,,,,,,,,,,,
491,491_order_flow_velocity,2,400,156,62400,500,0.8013%,period,10.0,48.0,20.0,int,threshold,25.0,82.0,50.0,int,,,,,,,,,,,,,,,,,,,,
492,492_market_maker_signal_detection,2,400,156,62400,500,0.8013%,period,10.0,48.0,20.0,int,threshold,25.0,82.0,50.0,int,,,,,,,,,,,,,,,,,,,,
493,493_price_action_footprint,2,400,156,62400,500,0.8013%,period,10.0,48.0,20.0,int,threshold,25.0,82.0,50.0,int,,,,,,,,,,,,,,,,,,,,
494,494_institutional_order_detection,2,400,156,62400,500,0.8013%,period,10.0,48.0,20.0,int,threshold,25.0,82.0,50.0,int,,,,,,,,,,,,,,,,,,,,
495,495_microstructure_alpha_score,2,400,156,62400,500,0.8013%,period,10.0,48.0,20.0,int,threshold,25.0,82.0,50.0,int,,,,,,,,,,,,,,,,,,,,
496,496_advanced_order_flow_composite,2,400,156,62400,500,0.8013%,period,10.0,48.0,20.0,int,threshold,25.0,82.0,50.0,int,,,,,,,,,,,,,,,,,,,,
497,497_market_efficiency_score,2,400,156,62400,500,0.8013%,period,10.0,48.0,20.0,int,oversold,15.0,34.0,30.0,int,,,,,,,,,,,,,,,,,,,,
498,498_liquidity_cycle_detector,2,100,156,15600,500,3.2051%,period,10.0,48.0,20.0,int,multiplier,1.0,5.0,2.0,int,,,,,,,,,,,,,,,,,,,,
499,499_execution_alpha_generator,1,20,156,3120,500,16.0256%,period,10.0,48.0,20.0,int,,,,,,,,,,,,,,,,,,,,,,,,,
500,500_ultimate_microstructure_indicator,2,400,156,62400,500,0.8013%,period,10.0,48.0,20.0,int,threshold,25.0,82.0,50.0,int,,,,,,,,,,,,,,,,,,,,
501,501_fractal_dimension,2,400,156,62400,500,0.8013%,period,10.0,48.0,20.0,int,threshold,25.0,82.0,50.0,int,,,,,,,,,,,,,,,,,,,,
502,502_chaos_theory_signal,2,400,156,62400,500,0.8013%,period,10.0,48.0,20.0,int,threshold,25.0,82.0,50.0,int,,,,,,,,,,,,,,,,,,,,
503,503_strange_attractor_detector,2,400,156,62400,500,0.8013%,period,10.0,48.0,20.0,int,threshold,25.0,82.0,50.0,int,,,,,,,,,,,,,,,,,,,,
504,504_fractal_breakout,2,400,156,62400,500,0.8013%,period,10.0,48.0,20.0,int,threshold,25.0,82.0,50.0,int,,,,,,,,,,,,,,,,,,,,
505,505_nonlinear_dynamics_score,2,400,156,62400,500,0.8013%,period,10.0,48.0,20.0,int,threshold,25.0,82.0,50.0,int,,,,,,,,,,,,,,,,,,,,
506,506_bifurcation_point_detector,1,20,156,3120,500,16.0256%,period,10.0,48.0,20.0,int,,,,,,,,,,,,,,,,,,,,,,,,,
507,507_phase_space_trajectory,2,400,156,62400,500,0.8013%,period,10.0,48.0,20.0,int,threshold,25.0,82.0,50.0,int,,,,,,,,,,,,,,,,,,,,
508,508_recurrence_quantification,2,400,156,62400,500,0.8013%,period,10.0,48.0,20.0,int,threshold,25.0,82.0,50.0,int,,,,,,,,,,,,,,,,,,,,
509,509_multifractal_spectrum,2,400,156,62400,500,0.8013%,period,10.0,48.0,20.0,int,threshold,25.0,82.0,50.0,int,,,,,,,,,,,,,,,,,,,,
510,510_chaos_order_transition,2,400,156,62400,500,0.8013%,period,10.0,48.0,20.0,int,threshold,25.0,82.0,50.0,int,,,,,,,,,,,,,,,,,,,,
511,511_social_sentiment_analyzer,2,400,156,62400,500,0.8013%,period,10.0,48.0,20.0,int,threshold,25.0,82.0,50.0,int,,,,,,,,,,,,,,,,,,,,
512,512_news_impact_score,2,400,156,62400,500,0.8013%,period,10.0,48.0,20.0,int,threshold,25.0,82.0,50.0,int,,,,,,,,,,,,,,,,,,,,
513,513_market_fear_greed_index,2,400,156,62400,500,0.8013%,period,10.0,48.0,20.0,int,threshold,25.0,82.0,50.0,int,,,,,,,,,,,,,,,,,,,,
514,514_alternative_data_composite,2,400,156,62400,500,0.8013%,period,10.0,48.0,20.0,int,threshold,25.0,82.0,50.0,int,,,,,,,,,,,,,,,,,,,,
515,515_behavioral_bias_detector,2,400,156,62400,500,0.8013%,period,10.0,48.0,20.0,int,threshold,25.0,82.0,50.0,int,,,,,,,,,,,,,,,,,,,,
516,516_quantum_superposition,2,400,156,62400,500,0.8013%,period,10.0,48.0,20.0,int,threshold,25.0,82.0,50.0,int,,,,,,,,,,,,,,,,,,,,
517,517_quantum_entanglement_detector,2,400,156,62400,500,0.8013%,period,10.0,48.0,20.0,int,threshold,25.0,82.0,50.0,int,,,,,,,,,,,,,,,,,,,,
518,518_wave_function_collapse,2,400,156,62400,500,0.8013%,period,10.0,48.0,20.0,int,threshold,25.0,82.0,50.0,int,,,,,,,,,,,,,,,,,,,,
519,519_quantum_tunneling_breakout,2,400,156,62400,500,0.8013%,period,10.0,48.0,20.0,int,threshold,25.0,82.0,50.0,int,,,,,,,,,,,,,,,,,,,,
520,520_quantum_probability_field,2,400,156,62400,500,0.8013%,period,10.0,48.0,20.0,int,threshold,25.0,82.0,50.0,int,,,,,,,,,,,,,,,,,,,,
521,521_market_network_centrality,1,20,156,3120,500,16.0256%,period,10.0,48.0,20.0,int,,,,,,,,,,,,,,,,,,,,,,,,,
522,522_price_graph_connectivity,2,400,156,62400,500,0.8013%,period,10.0,48.0,20.0,int,threshold,25.0,82.0,50.0,int,,,,,,,,,,,,,,,,,,,,
523,523_network_clustering_coefficient,2,400,156,62400,500,0.8013%,period,10.0,48.0,20.0,int,threshold,25.0,82.0,50.0,int,,,,,,,,,,,,,,,,,,,,
524,524_graph_community_detection,2,400,156,62400,500,0.8013%,period,10.0,48.0,20.0,int,threshold,25.0,82.0,50.0,int,,,,,,,,,,,,,,,,,,,,
525,525_network_flow_analysis,2,400,156,62400,500,0.8013%,period,10.0,48.0,20.0,int,threshold,25.0,82.0,50.0,int,,,,,,,,,,,,,,,,,,,,
526,526_adversarial_learning_detector,2,400,156,62400,500,0.8013%,period,10.0,48.0,20.0,int,threshold,25.0,82.0,50.0,int,,,,,,,,,,,,,,,,,,,,
527,527_generative_model_signal,2,400,156,62400,500,0.8013%,period,10.0,48.0,20.0,int,threshold,25.0,82.0,50.0,int,,,,,,,,,,,,,,,,,,,,
528,528_contrastive_learning_indicator,2,400,156,62400,500,0.8013%,period,10.0,48.0,20.0,int,threshold,25.0,82.0,50.0,int,,,,,,,,,,,,,,,,,,,,
529,529_self_supervised_pattern,2,400,156,62400,500,0.8013%,period,10.0,48.0,20.0,int,threshold,25.0,82.0,50.0,int,,,,,,,,,,,,,,,,,,,,
530,530_federated_learning_composite,2,400,156,62400,500,0.8013%,period,10.0,48.0,20.0,int,threshold,25.0,82.0,50.0,int,,,,,,,,,,,,,,,,,,,,
531,531_pairs_trading_cointegration,4,160000,156,24960000,500,0.0020%,period,10.0,48.0,20.0,int,threshold,25.0,82.0,50.0,int,overbought,50.0,88.0,70.0,int,oversold,15.0,34.0,30.0,int,,,,,,,,,,
532,532_statistical_arbitrage_signal,2,400,156,62400,500,0.8013%,period,10.0,48.0,20.0,int,threshold,25.0,82.0,50.0,int,,,,,,,,,,,,,,,,,,,,
533,533_market_neutral_strategy,2,400,156,62400,500,0.8013%,period,10.0,48.0,20.0,int,threshold,25.0,82.0,50.0,int,,,,,,,,,,,,,,,,,,,,
534,534_long_short_equity_indicator,2,100,156,15600,500,3.2051%,period,10.0,48.0,20.0,int,multiplier,1.0,5.0,2.0,int,,,,,,,,,,,,,,,,,,,,
535,535_factor_timing_model,3,2000,156,312000,500,0.1603%,period,10.0,48.0,20.0,int,multiplier,1.0,5.0,2.0,int,threshold,25.0,82.0,50.0,int,,,,,,,,,,,,,,,
536,536_multi_strategy_fusion,2,400,156,62400,500,0.8013%,period,10.0,48.0,20.0,int,threshold,25.0,82.0,50.0,int,,,,,,,,,,,,,,,,,,,,
537,537_adaptive_regime_composite,2,400,156,62400,500,0.8013%,period,10.0,48.0,20.0,int,threshold,25.0,82.0,50.0,int,,,,,,,,,,,,,,,,,,,,
538,538_meta_learning_ensemble,3,8000,156,1248000,500,0.0401%,period,10.0,48.0,20.0,int,overbought,50.0,88.0,70.0,int,oversold,15.0,34.0,30.0,int,,,,,,,,,,,,,,,
539,539_dynamic_portfolio_optimizer,2,400,156,62400,500,0.8013%,period,10.0,48.0,20.0,int,threshold,25.0,82.0,50.0,int,,,,,,,,,,,,,,,,,,,,
540,540_ultimate_alpha_generator,2,400,156,62400,500,0.8013%,period,10.0,48.0,20.0,int,threshold,25.0,82.0,50.0,int,,,,,,,,,,,,,,,,,,,,
541,541_risk_parity_allocator,2,400,156,62400,500,0.8013%,period,10.0,48.0,20.0,int,threshold,25.0,82.0,50.0,int,,,,,,,,,,,,,,,,,,,,
542,542_volatility_targeting_strategy,3,2000,156,312000,500,0.1603%,period,10.0,48.0,20.0,int,multiplier,1.0,5.0,2.0,int,threshold,25.0,82.0,50.0,int,,,,,,,,,,,,,,,
543,543_tail_risk_hedging_signal,2,400,156,62400,500,0.8013%,period,10.0,48.0,20.0,int,threshold,25.0,82.0,50.0,int,,,,,,,,,,,,,,,,,,,,
544,544_black_swan_detector,2,400,156,62400,500,0.8013%,period,10.0,48.0,20.0,int,threshold,25.0,82.0,50.0,int,,,,,,,,,,,,,,,,,,,,
545,545_crisis_alpha_generator,2,400,156,62400,500,0.8013%,period,10.0,48.0,20.0,int,threshold,25.0,82.0,50.0,int,,,,,,,,,,,,,,,,,,,,
546,546_sentiment_momentum_fusion,2,400,156,62400,500,0.8013%,period,10.0,48.0,20.0,int,threshold,25.0,82.0,50.0,int,,,,,,,,,,,,,,,,,,,,
547,547_cross_asset_correlation_signal,2,400,156,62400,500,0.8013%,period,10.0,48.0,20.0,int,threshold,25.0,82.0,50.0,int,,,,,,,,,,,,,,,,,,,,
548,548_macro_economic_indicator,2,400,156,62400,500,0.8013%,period,10.0,48.0,20.0,int,threshold,25.0,82.0,50.0,int,,,,,,,,,,,,,,,,,,,,
549,549_intermarket_analysis_composite,2,400,156,62400,500,0.8013%,period,10.0,48.0,20.0,int,threshold,25.0,82.0,50.0,int,,,,,,,,,,,,,,,,,,,,
550,550_global_risk_appetite_index,2,400,156,62400,500,0.8013%,period,10.0,48.0,20.0,int,threshold,25.0,82.0,50.0,int,,,,,,,,,,,,,,,,,,,,
551,551_adaptive_intelligence_system,2,400,156,62400,500,0.8013%,period,10.0,48.0,20.0,int,threshold,25.0,82.0,50.0,int,,,,,,,,,,,,,,,,,,,,
552,552_market_dna_analyzer,2,400,156,62400,500,0.8013%,period,10.0,48.0,20.0,int,threshold,25.0,82.0,50.0,int,,,,,,,,,,,,,,,,,,,,
553,553_predictive_pattern_engine,2,400,156,62400,500,0.8013%,period,10.0,48.0,20.0,int,threshold,25.0,82.0,50.0,int,,,,,,,,,,,,,,,,,,,,
554,554_quantum_market_state,2,400,156,62400,500,0.8013%,period,10.0,48.0,20.0,int,threshold,25.0,82.0,50.0,int,,,,,,,,,,,,,,,,,,,,
555,555_neural_alpha_extractor,1,20,156,3120,500,16.0256%,period,10.0,48.0,20.0,int,,,,,,,,,,,,,,,,,,,,,,,,,
561,561_cognitive_market_intelligence,1,20,156,3120,500,16.0256%,period,10.0,48.0,20.0,int,,,,,,,,,,,,,,,,,,,,,,,,,
562,562_holistic_market_synthesizer,3,8000,156,1248000,500,0.0401%,period,10.0,48.0,20.0,int,fast_period,6.0,25.0,12.0,int,slow_period,13.0,70.0,26.0,int,,,,,,,,,,,,,,,
563,563_transcendent_alpha_engine,1,20,156,3120,500,16.0256%,period,10.0,48.0,20.0,int,,,,,,,,,,,,,,,,,,,,,,,,,
564,564_omniscient_market_oracle,2,100,156,15600,500,3.2051%,period,10.0,48.0,20.0,int,multiplier,1.0,5.0,2.0,int,,,,,,,,,,,,,,,,,,,,
565,565_ultimate_convergence_master,3,8000,156,1248000,500,0.0401%,period,10.0,48.0,20.0,int,fast_period,6.0,25.0,12.0,int,slow_period,13.0,70.0,26.0,int,,,,,,,,,,,,,,,
566,566_quantum_consciousness_field,1,20,156,3120,500,16.0256%,period,10.0,48.0,20.0,int,,,,,,,,,,,,,,,,,,,,,,,,,
567,567_hyperdimensional_market_mapper,1,20,156,3120,500,16.0256%,period,10.0,48.0,20.0,int,,,,,,,,,,,,,,,,,,,,,,,,,
568,568_evolutionary_market_genome,1,20,156,3120,500,16.0256%,period,10.0,48.0,20.0,int,,,,,,,,,,,,,,,,,,,,,,,,,
569,569_neural_plasticity_indicator,2,400,156,62400,500,0.8013%,period,10.0,48.0,20.0,int,threshold,25.0,82.0,50.0,int,,,,,,,,,,,,,,,,,,,,
570,570_cosmic_market_resonance,1,20,156,3120,500,16.0256%,period,10.0,48.0,20.0,int,,,,,,,,,,,,,,,,,,,,,,,,,
571,571_singularity_convergence_detector,2,400,156,62400,500,0.8013%,period,10.0,48.0,20.0,int,threshold,25.0,82.0,50.0,int,,,,,,,,,,,,,,,,,,,,
572,572_infinite_wisdom_aggregator,1,20,156,3120,500,16.0256%,period,10.0,48.0,20.0,int,,,,,,,,,,,,,,,,,,,,,,,,,
573,573_universal_truth_extractor,2,100,156,15600,500,3.2051%,period,10.0,48.0,20.0,int,multiplier,1.0,5.0,2.0,int,,,,,,,,,,,,,,,,,,,,
574,574_absolute_certainty_engine,5,800000,156,124800000,500,0.0004%,period,10.0,48.0,20.0,int,multiplier,1.0,5.0,2.0,int,threshold,25.0,82.0,50.0,int,overbought,50.0,88.0,70.0,int,oversold,15.0,34.0,30.0,int,,,,,
575,575_omnipotent_market_force,1,20,156,3120,500,16.0256%,period,10.0,48.0,20.0,int,,,,,,,,,,,,,,,,,,,,,,,,,
576,576_eternal_market_equilibrium,1,20,156,3120,500,16.0256%,period,10.0,48.0,20.0,int,,,,,,,,,,,,,,,,,,,,,,,,,
577,577_divine_market_providence,1,20,156,3120,500,16.0256%,period,10.0,48.0,20.0,int,,,,,,,,,,,,,,,,,,,,,,,,,
578,578_supreme_alpha_synthesis,1,20,156,3120,500,16.0256%,period,10.0,48.0,20.0,int,,,,,,,,,,,,,,,,,,,,,,,,,
579,579_ultimate_reality_matrix,1,20,156,3120,500,16.0256%,period,10.0,48.0,20.0,int,,,,,,,,,,,,,,,,,,,,,,,,,
580,580_infinite_perfection_indicator,2,100,156,15600,500,3.2051%,period,10.0,48.0,20.0,int,multiplier,1.0,5.0,2.0,int,,,,,,,,,,,,,,,,,,,,
581,581_transcendental_market_vision,1,20,156,3120,500,16.0256%,period,10.0,48.0,20.0,int,,,,,,,,,,,,,,,,,,,,,,,,,
582,582_primordial_chaos_order,1,20,156,3120,500,16.0256%,period,10.0,48.0,20.0,int,,,,,,,,,,,,,,,,,,,,,,,,,
583,583_celestial_harmony_detector,1,20,156,3120,500,16.0256%,period,10.0,48.0,20.0,int,,,,,,,,,,,,,,,,,,,,,,,,,
584,584_metaphysical_momentum_engine,1,20,156,3120,500,16.0256%,period,10.0,48.0,20.0,int,,,,,,,,,,,,,,,,,,,,,,,,,
585,585_zenith_alpha_culmination,1,20,156,3120,500,16.0256%,period,10.0,48.0,20.0,int,,,,,,,,,,,,,,,,,,,,,,,,,
586,586_omniversal_intelligence_core,1,20,156,3120,500,16.0256%,period,10.0,48.0,20.0,int,,,,,,,,,,,,,,,,,,,,,,,,,
587,587_master_synthesis_nexus,1,20,156,3120,500,16.0256%,period,10.0,48.0,20.0,int,,,,,,,,,,,,,,,,,,,,,,,,,
588,588_absolute_dominance_indicator,1,20,156,3120,500,16.0256%,period,10.0,48.0,20.0,int,,,,,,,,,,,,,,,,,,,,,,,,,
589,589_infinite_intelligence_nexus,1,20,156,3120,500,16.0256%,period,10.0,48.0,20.0,int,,,,,,,,,,,,,,,,,,,,,,,,,
590,590_grand_unification_theory,1,20,156,3120,500,16.0256%,period,10.0,48.0,20.0,int,,,,,,,,,,,,,,,,,,,,,,,,,
591,591_ultimate_enlightenment_engine,2,400,156,62400,500,0.8013%,period,10.0,48.0,20.0,int,threshold,25.0,82.0,50.0,int,,,,,,,,,,,,,,,,,,,,
592,592_supreme_mastery_indicator,2,100,156,15600,500,3.2051%,period,10.0,48.0,20.0,int,multiplier,1.0,5.0,2.0,int,,,,,,,,,,,,,,,,,,,,
593,593_infinite_potential_maximizer,1,20,156,3120,500,16.0256%,period,10.0,48.0,20.0,int,,,,,,,,,,,,,,,,,,,,,,,,,
594,594_omniscient_prediction_oracle,1,20,156,3120,500,16.0256%,period,10.0,48.0,20.0,int,,,,,,,,,,,,,,,,,,,,,,,,,
595,595_ultimate_convergence_singularity,1,20,156,3120,500,16.0256%,period,10.0,48.0,20.0,int,,,,,,,,,,,,,,,,,,,,,,,,,
596,596_apex_alpha_supremacy,2,100,156,15600,500,3.2051%,period,10.0,48.0,20.0,int,multiplier,1.0,5.0,2.0,int,,,,,,,,,,,,,,,,,,,,
597,597_transcendent_wisdom_culmination,1,20,156,3120,500,16.0256%,period,10.0,48.0,20.0,int,,,,,,,,,,,,,,,,,,,,,,,,,
598,598_eternal_alpha_genesis,1,20,156,3120,500,16.0256%,period,10.0,48.0,20.0,int,,,,,,,,,,,,,,,,,,,,,,,,,
599,599_cosmic_perfection_synthesis,1,20,156,3120,500,16.0256%,period,10.0,48.0,20.0,int,,,,,,,,,,,,,,,,,,,,,,,,,
600,600_the_ultimate_master_indicator,1,20,156,3120,500,16.0256%,period,10.0,48.0,20.0,int,,,,,,,,,,,,,,,,,,,,,,,,,
